Misóviðeigandi orð							
							
orð orðfl.	kóði	kóði2	merking	Óviðeigandi ástæða - misóviðeigandi listinn	Annað tilfallandi	önnur merking (ekki óviðeigandi)
ærumeiðing	no	z			Orð sem telst almennt ekki óviðeigandi en gæti talist óviðeigandi umræðuefni fyrir börn.		
ærumeiðingarbrot	no	z			Orð sem telst almennt ekki óviðeigandi en gæti talist óviðeigandi umræðuefni fyrir börn.		
ærumorð	no	z			Orð sem telst almennt ekki óviðeigandi en gæti talist óviðeigandi umræðuefni fyrir börn.		
afbrjóta	so	z			Orð sem telst almennt ekki óviðeigandi en gæti talist óviðeigandi umræðuefni fyrir börn.		
afbrjóta	so	z			Orð sem telst almennt ekki óviðeigandi en gæti talist óviðeigandi umræðuefni fyrir börn.		
afbrot	no	z			Orð sem telst almennt ekki óviðeigandi en gæti talist óviðeigandi umræðuefni fyrir börn.		
áfengisdauði	no	z			Orð sem telst almennt ekki óviðeigandi en gæti talist óviðeigandi umræðuefni fyrir börn.		
áfengislagabrot	no	z			Orð sem telst almennt ekki óviðeigandi en gæti talist óviðeigandi umræðuefni fyrir börn.		
áfengisvíma	no	z			Orð sem telst almennt ekki óviðeigandi en gæti talist óviðeigandi umræðuefni fyrir börn.		
aftaka	no	z			Orð sem telst almennt ekki óviðeigandi en gæti talist óviðeigandi umræðuefni fyrir börn.		
almannafærisbrot	no	z			Orð sem telst almennt ekki óviðeigandi en gæti talist óviðeigandi umræðuefni fyrir börn.		
árásarnauðgun	no	z			Orð sem telst almennt ekki óviðeigandi en gæti talist óviðeigandi umræðuefni fyrir börn.		
áreiti	no	z			Orð sem telst almennt ekki óviðeigandi en gæti talist óviðeigandi umræðuefni fyrir börn.		
áreitni	no	z			Orð sem telst almennt ekki óviðeigandi en gæti talist óviðeigandi umræðuefni fyrir börn.		
ástríðuglæpur	no	z			Orð sem telst almennt ekki óviðeigandi en gæti talist óviðeigandi umræðuefni fyrir börn.		
axarmorðingi	no	z			Orð sem telst almennt ekki óviðeigandi en gæti talist óviðeigandi umræðuefni fyrir börn.		
barnamorð	no	z			Orð sem telst almennt ekki óviðeigandi en gæti talist óviðeigandi umræðuefni fyrir börn.		
barnanauðgari	no	z			Orð sem telst almennt ekki óviðeigandi en gæti talist óviðeigandi umræðuefni fyrir börn.		
barnanauðgun	no	z			Orð sem telst almennt ekki óviðeigandi en gæti talist óviðeigandi umræðuefni fyrir börn.		
barnaníð	no	z			Orð sem telst almennt ekki óviðeigandi en gæti talist óviðeigandi umræðuefni fyrir börn.		
barnaníðingur	no	z			Orð sem telst almennt ekki óviðeigandi en gæti talist óviðeigandi umræðuefni fyrir börn.		
barnaníðsmál	no	z			Orð sem telst almennt ekki óviðeigandi en gæti talist óviðeigandi umræðuefni fyrir börn.		
barnaperri	no	z			Orð sem telst almennt ekki óviðeigandi en gæti talist óviðeigandi umræðuefni fyrir börn.		
barnapervert	no	z			Orð sem telst almennt ekki óviðeigandi en gæti talist óviðeigandi umræðuefni fyrir börn.		
barnarán	no	z			Orð sem telst almennt ekki óviðeigandi en gæti talist óviðeigandi umræðuefni fyrir börn.		
barnsdráp	no	z			Orð sem telst almennt ekki óviðeigandi en gæti talist óviðeigandi umræðuefni fyrir börn.		
barnsmorð	no	z			Orð sem telst almennt ekki óviðeigandi en gæti talist óviðeigandi umræðuefni fyrir börn.		
barnsrán	no	z			Orð sem telst almennt ekki óviðeigandi en gæti talist óviðeigandi umræðuefni fyrir börn.		
blóðugur	lo	z			Orð sem telst almennt ekki óviðeigandi en gæti talist óviðeigandi umræðuefni fyrir börn.		
blygðunarbrot	no	z			Orð sem telst almennt ekki óviðeigandi en gæti talist óviðeigandi umræðuefni fyrir börn.		
blygðunarsemisbrot	no	z			Orð sem telst almennt ekki óviðeigandi en gæti talist óviðeigandi umræðuefni fyrir börn.		
bróðurmorð	no	z			Orð sem telst almennt ekki óviðeigandi en gæti talist óviðeigandi umræðuefni fyrir börn.		
byrla	so	z	s		Orð sem telst almennt ekki óviðeigandi en gæti talist óviðeigandi umræðuefni fyrir börn.		
byssuárás	no	z			Orð sem telst almennt ekki óviðeigandi en gæti talist óviðeigandi umræðuefni fyrir börn.		
byssuglæpur	no	z			Orð sem telst almennt ekki óviðeigandi en gæti talist óviðeigandi umræðuefni fyrir börn.		
dauðarefsing	no	z			Orð sem telst almennt ekki óviðeigandi en gæti talist óviðeigandi umræðuefni fyrir börn.		
dauðasök	so	z			Orð sem telst almennt ekki óviðeigandi en gæti talist óviðeigandi umræðuefni fyrir börn.		
dauði	no	z			Orð sem telst almennt ekki óviðeigandi en gæti talist óviðeigandi umræðuefni fyrir börn.		
djamm	no	z			Orð sem telst almennt ekki óviðeigandi en gæti talist óviðeigandi umræðuefni fyrir börn.		
dómsmorð	no	z			Orð sem telst almennt ekki óviðeigandi en gæti talist óviðeigandi umræðuefni fyrir börn.		
dópsmygl	no	z			Orð sem telst almennt ekki óviðeigandi en gæti talist óviðeigandi umræðuefni fyrir börn.		
dráp	no	z			Orð sem telst almennt ekki óviðeigandi en gæti talist óviðeigandi umræðuefni fyrir börn.		
drep	no	z			Orð sem telst almennt ekki óviðeigandi en gæti talist óviðeigandi umræðuefni fyrir börn.	hk	
drepa	so	z	s		Orð sem telst almennt ekki óviðeigandi en gæti talist óviðeigandi umræðuefni fyrir börn.		
drepa	no	z			Orð sem telst almennt ekki óviðeigandi en gæti talist óviðeigandi umræðuefni fyrir börn.	kvk	
drottinssvik	no	z	e		Orð sem telst almennt ekki óviðeigandi en gæti talist óviðeigandi umræðuefni fyrir börn.		
drykkjumaður	no	z			Orð sem telst almennt ekki óviðeigandi en gæti talist óviðeigandi umræðuefni fyrir börn.		
einelti	no	z			Orð sem telst almennt ekki óviðeigandi en gæti talist óviðeigandi umræðuefni fyrir börn.		
eineltisfórnarlambið	no	z			Orð sem telst almennt ekki óviðeigandi en gæti talist óviðeigandi umræðuefni fyrir börn.		
eiturlyfjabrot	no	z			Orð sem telst almennt ekki óviðeigandi en gæti talist óviðeigandi umræðuefni fyrir börn.		
eiturlyfjasmygl	no	z			Orð sem telst almennt ekki óviðeigandi en gæti talist óviðeigandi umræðuefni fyrir börn.		
embættisbrot	no	z			Orð sem telst almennt ekki óviðeigandi en gæti talist óviðeigandi umræðuefni fyrir börn.		
endaþarmur	no	z	v 		Orð sem telst almennt ekki óviðeigandi en gæti talist óviðeigandi umræðuefni fyrir börn.		
endurákæra	no	z			Orð sem telst almennt ekki óviðeigandi en gæti talist óviðeigandi umræðuefni fyrir börn.		
fangauppreisn	no	z			Orð sem telst almennt ekki óviðeigandi en gæti talist óviðeigandi umræðuefni fyrir börn.		
fíkniefnabrot	no	z			Orð sem telst almennt ekki óviðeigandi en gæti talist óviðeigandi umræðuefni fyrir börn.	hk	
fíkniefnaneysla	no	z	d		Orð sem telst almennt ekki óviðeigandi en gæti talist óviðeigandi umræðuefni fyrir börn.	kvk	
fjöldaaftaka	no	z			Orð sem telst almennt ekki óviðeigandi en gæti talist óviðeigandi umræðuefni fyrir börn.		
fjöldagröf	no	z			Orð sem telst almennt ekki óviðeigandi en gæti talist óviðeigandi umræðuefni fyrir börn.		
fjöldamorð	no	z			Orð sem telst almennt ekki óviðeigandi en gæti talist óviðeigandi umræðuefni fyrir börn.		
fjöldamorðingi	no	z			Orð sem telst almennt ekki óviðeigandi en gæti talist óviðeigandi umræðuefni fyrir börn.		
fjöldanauðgun	no	z			Orð sem telst almennt ekki óviðeigandi en gæti talist óviðeigandi umræðuefni fyrir börn.		
fjöldaskotárás	no	z			Orð sem telst almennt ekki óviðeigandi en gæti talist óviðeigandi umræðuefni fyrir börn.		
föðurmorð	no	z			Orð sem telst almennt ekki óviðeigandi en gæti talist óviðeigandi umræðuefni fyrir börn.		
fólskumorð	no	z			Orð sem telst almennt ekki óviðeigandi en gæti talist óviðeigandi umræðuefni fyrir börn.		
fósturmissir	no	z			Orð sem telst almennt ekki óviðeigandi en gæti talist óviðeigandi umræðuefni fyrir börn.		
framhaldsbrot	no	z			Orð sem telst almennt ekki óviðeigandi en gæti talist óviðeigandi umræðuefni fyrir börn.		
framhjáhald	no	z			Orð sem telst almennt ekki óviðeigandi en gæti talist óviðeigandi umræðuefni fyrir börn.		
frelsissvifting	no	z			Orð sem telst almennt ekki óviðeigandi en gæti talist óviðeigandi umræðuefni fyrir börn.		
frelsissvipta	so	z	s		Orð sem telst almennt ekki óviðeigandi en gæti talist óviðeigandi umræðuefni fyrir börn.		
frelsissvipting	no	z			Orð sem telst almennt ekki óviðeigandi en gæti talist óviðeigandi umræðuefni fyrir börn.		
frelsissviptingarbrot	no	z			Orð sem telst almennt ekki óviðeigandi en gæti talist óviðeigandi umræðuefni fyrir börn.		
friðarbrot	no	z			Orð sem telst almennt ekki óviðeigandi en gæti talist óviðeigandi umræðuefni fyrir börn.		
friðhelgisbrot	no	z			Orð sem telst almennt ekki óviðeigandi en gæti talist óviðeigandi umræðuefni fyrir börn.		
gengjaofbeldi	no	z			Orð sem telst almennt ekki óviðeigandi en gæti talist óviðeigandi umræðuefni fyrir börn.		
grýting	no	z			Orð sem telst almennt ekki óviðeigandi en gæti talist óviðeigandi umræðuefni fyrir börn.		
hættubrot	no	z	e		Orð sem telst almennt ekki óviðeigandi en gæti talist óviðeigandi umræðuefni fyrir börn.		
haglabyssa	no	z			Orð sem telst almennt ekki óviðeigandi en gæti talist óviðeigandi umræðuefni fyrir börn.		
hálshöggning	no	z			Orð sem telst almennt ekki óviðeigandi en gæti talist óviðeigandi umræðuefni fyrir börn.		
hata	so	z	s		Orð sem telst almennt ekki óviðeigandi en gæti talist óviðeigandi umræðuefni fyrir börn.		
hatursmorð	no	z			Orð sem telst almennt ekki óviðeigandi en gæti talist óviðeigandi umræðuefni fyrir börn.		
hefndarbrot	no	z	e		Orð sem telst almennt ekki óviðeigandi en gæti talist óviðeigandi umræðuefni fyrir börn.		
hefndarklámsmál	no	z			Orð sem telst almennt ekki óviðeigandi en gæti talist óviðeigandi umræðuefni fyrir börn.		
hefndarmorð	no	z			Orð sem telst almennt ekki óviðeigandi en gæti talist óviðeigandi umræðuefni fyrir börn.		
hefnibrot	no	z			Orð sem telst almennt ekki óviðeigandi en gæti talist óviðeigandi umræðuefni fyrir börn.		
heiðursmorð	no	z			Orð sem telst almennt ekki óviðeigandi en gæti talist óviðeigandi umræðuefni fyrir börn.		
heimilisofbeldi	no	z			Orð sem telst almennt ekki óviðeigandi en gæti talist óviðeigandi umræðuefni fyrir börn.		
heimilisofbeldi	no	z			Orð sem telst almennt ekki óviðeigandi en gæti talist óviðeigandi umræðuefni fyrir börn.	hk	
heimilisofbeldisbrot	no	z			Orð sem telst almennt ekki óviðeigandi en gæti talist óviðeigandi umræðuefni fyrir börn.		
hermdarverkamaður	no	z			Orð sem telst almennt ekki óviðeigandi en gæti talist óviðeigandi umræðuefni fyrir börn.		
heróín	no	z	d		Orð sem telst almennt ekki óviðeigandi en gæti talist óviðeigandi umræðuefni fyrir börn.	hk	
heróínsmygl	no	z	e		Orð sem telst almennt ekki óviðeigandi en gæti talist óviðeigandi umræðuefni fyrir börn.		
hilmingarbrot	no	z	e		Orð sem telst almennt ekki óviðeigandi en gæti talist óviðeigandi umræðuefni fyrir börn.		
hjúskaparbrot	no	z			Orð sem telst almennt ekki óviðeigandi en gæti talist óviðeigandi umræðuefni fyrir börn.		
hlutafjáraukning	no	z			Orð sem telst almennt ekki óviðeigandi en gæti talist óviðeigandi umræðuefni fyrir börn.	kvk	
hommafóbía	no	z			Orð sem telst almennt ekki óviðeigandi en gæti talist óviðeigandi umræðuefni fyrir börn.		
hommaklám	no	z			Orð sem telst almennt ekki óviðeigandi en gæti talist óviðeigandi umræðuefni fyrir börn.		
hómófóbía	no	z			Orð sem telst almennt ekki óviðeigandi en gæti talist óviðeigandi umræðuefni fyrir börn.		
hópmorð	no	z			Orð sem telst almennt ekki óviðeigandi en gæti talist óviðeigandi umræðuefni fyrir börn.		
hópnauðga	so	z	s		Orð sem telst almennt ekki óviðeigandi en gæti talist óviðeigandi umræðuefni fyrir börn.		
hópnauðgun	no	z			Orð sem telst almennt ekki óviðeigandi en gæti talist óviðeigandi umræðuefni fyrir börn.		
hópnauðgunarmál	no	z			Orð sem telst almennt ekki óviðeigandi en gæti talist óviðeigandi umræðuefni fyrir börn.		
hópsjálfsmorð	no	z			Orð sem telst almennt ekki óviðeigandi en gæti talist óviðeigandi umræðuefni fyrir börn.		
hór	no	z	y		Orð sem telst almennt ekki óviðeigandi en gæti talist óviðeigandi umræðuefni fyrir börn.		
hóruhús	no	z			Orð sem telst almennt ekki óviðeigandi en gæti talist óviðeigandi umræðuefni fyrir börn.		
hótunarbrot	no	z			Orð sem telst almennt ekki óviðeigandi en gæti talist óviðeigandi umræðuefni fyrir börn.		
hræsni	no	z			Orð sem telst almennt ekki óviðeigandi en gæti talist óviðeigandi umræðuefni fyrir börn.		
hrottaverk	no	z	a		Orð sem telst almennt ekki óviðeigandi en gæti talist óviðeigandi umræðuefni fyrir börn.		
hryðjuverk	no	z			Orð sem telst almennt ekki óviðeigandi en gæti talist óviðeigandi umræðuefni fyrir börn.		
hryðjuverkabrot	no	z			Orð sem telst almennt ekki óviðeigandi en gæti talist óviðeigandi umræðuefni fyrir börn.		
hryðjuverkamaður	no	z			Orð sem telst almennt ekki óviðeigandi en gæti talist óviðeigandi umræðuefni fyrir börn.		
hryðjuverkamaður	no	z			Orð sem telst almennt ekki óviðeigandi en gæti talist óviðeigandi umræðuefni fyrir börn.	kk	
hryðjuverkamorð	no	z			Orð sem telst almennt ekki óviðeigandi en gæti talist óviðeigandi umræðuefni fyrir börn.		
húðstrýking	no	z	a		Orð sem telst almennt ekki óviðeigandi en gæti talist óviðeigandi umræðuefni fyrir börn.		
húsbrot	no	z			Orð sem telst almennt ekki óviðeigandi en gæti talist óviðeigandi umræðuefni fyrir börn.		
hýðing	no	z			Orð sem telst almennt ekki óviðeigandi en gæti talist óviðeigandi umræðuefni fyrir börn.		
íslamófóbía	no	z	i		Orð sem telst almennt ekki óviðeigandi en gæti talist óviðeigandi umræðuefni fyrir börn.		
klám	no	z			Orð sem telst almennt ekki óviðeigandi en gæti talist óviðeigandi umræðuefni fyrir börn.	hk	
klámbrandari	no	z			Orð sem telst almennt ekki óviðeigandi en gæti talist óviðeigandi umræðuefni fyrir börn.		
kúlnabrot	no	z	e		Orð sem telst almennt ekki óviðeigandi en gæti talist óviðeigandi umræðuefni fyrir börn.		
kvenfyrirlitingu	no	z			Orð sem telst almennt ekki óviðeigandi en gæti talist óviðeigandi umræðuefni fyrir börn.		
kvenfyrirlitning	no	z	a?		Orð sem telst almennt ekki óviðeigandi en gæti talist óviðeigandi umræðuefni fyrir börn.		
kvenhatur	no	z	a		Orð sem telst almennt ekki óviðeigandi en gæti talist óviðeigandi umræðuefni fyrir börn.		
kvennamorð	no	z			Orð sem telst almennt ekki óviðeigandi en gæti talist óviðeigandi umræðuefni fyrir börn.		
kynbomba	no	z			Orð sem telst almennt ekki óviðeigandi en gæti talist óviðeigandi umræðuefni fyrir börn.		
kynfæri	no	z			Orð sem telst almennt ekki óviðeigandi en gæti talist óviðeigandi umræðuefni fyrir börn.		
kynferði	no	z			Orð sem telst almennt ekki óviðeigandi en gæti talist óviðeigandi umræðuefni fyrir börn.		
kynferðiofbeldi	no	z	y		Orð sem telst almennt ekki óviðeigandi en gæti talist óviðeigandi umræðuefni fyrir börn.		
kynferðisafbrot	no	z	y		Orð sem telst almennt ekki óviðeigandi en gæti talist óviðeigandi umræðuefni fyrir börn.		
kynferðisafbrotamaður	no	z	y		Orð sem telst almennt ekki óviðeigandi en gæti talist óviðeigandi umræðuefni fyrir börn.		
kynferðisárás	no	z	y		Orð sem telst almennt ekki óviðeigandi en gæti talist óviðeigandi umræðuefni fyrir börn.		
kynferðisáreiti	no	z	y		Orð sem telst almennt ekki óviðeigandi en gæti talist óviðeigandi umræðuefni fyrir börn.		
kynferðisáreitni	no	z	y		Orð sem telst almennt ekki óviðeigandi en gæti talist óviðeigandi umræðuefni fyrir börn.		
kynferðisbrot	no	z	y		Orð sem telst almennt ekki óviðeigandi en gæti talist óviðeigandi umræðuefni fyrir börn.		
kynferðisbrotaákæra	no	z	y		Orð sem telst almennt ekki óviðeigandi en gæti talist óviðeigandi umræðuefni fyrir börn.		
kynferðisbrotadómur	no	z	y		Orð sem telst almennt ekki óviðeigandi en gæti talist óviðeigandi umræðuefni fyrir börn.		
kynferðisbrotahluti	no	z	y		Orð sem telst almennt ekki óviðeigandi en gæti talist óviðeigandi umræðuefni fyrir börn.		
kynferðisbrotakæra	no	z	y		Orð sem telst almennt ekki óviðeigandi en gæti talist óviðeigandi umræðuefni fyrir börn.		
kynferðisbrotamaður	no	z	y		Orð sem telst almennt ekki óviðeigandi en gæti talist óviðeigandi umræðuefni fyrir börn.		
kynferðisbrotamál	no	z	y		Orð sem telst almennt ekki óviðeigandi en gæti talist óviðeigandi umræðuefni fyrir börn.		
kynferðisbrotaþoli	no	z	y		Orð sem telst almennt ekki óviðeigandi en gæti talist óviðeigandi umræðuefni fyrir börn.		
kynferðisglæpamaður	no	z	y		Orð sem telst almennt ekki óviðeigandi en gæti talist óviðeigandi umræðuefni fyrir börn.		
kynferðisglæpur	no	z	y		Orð sem telst almennt ekki óviðeigandi en gæti talist óviðeigandi umræðuefni fyrir börn.		
kynferðislega	ao	z	y		Orð sem telst almennt ekki óviðeigandi en gæti talist óviðeigandi umræðuefni fyrir börn.		
kynferðismál	no	z	y		Orð sem telst almennt ekki óviðeigandi en gæti talist óviðeigandi umræðuefni fyrir börn.		
kynferðismisnotkun	no	z	y		Orð sem telst almennt ekki óviðeigandi en gæti talist óviðeigandi umræðuefni fyrir börn.		
kynferðisnauðung	no	z	y		Orð sem telst almennt ekki óviðeigandi en gæti talist óviðeigandi umræðuefni fyrir börn.		
kynferðisofbeldi	no	z	y		Orð sem telst almennt ekki óviðeigandi en gæti talist óviðeigandi umræðuefni fyrir börn.		
kynferðisofbeldi	no	z			Orð sem telst almennt ekki óviðeigandi en gæti talist óviðeigandi umræðuefni fyrir börn.	hk	
kynferðisofbeldismaður	no	z	y		Orð sem telst almennt ekki óviðeigandi en gæti talist óviðeigandi umræðuefni fyrir börn.		
kynlífskúgun	no	z	y		Orð sem telst almennt ekki óviðeigandi en gæti talist óviðeigandi umræðuefni fyrir börn.		
kynlífsmisnotkun	no	z	y		Orð sem telst almennt ekki óviðeigandi en gæti talist óviðeigandi umræðuefni fyrir börn.		
kynlífsofbeldi	no	z	y		Orð sem telst almennt ekki óviðeigandi en gæti talist óviðeigandi umræðuefni fyrir börn.		
kynlífsskandal	no	z	y		Orð sem telst almennt ekki óviðeigandi en gæti talist óviðeigandi umræðuefni fyrir börn.		
kynmök	no	z	y		Orð sem telst almennt ekki óviðeigandi en gæti talist óviðeigandi umræðuefni fyrir börn.	hk	
kynþáttahatur	no	z	þ		Orð sem telst almennt ekki óviðeigandi en gæti talist óviðeigandi umræðuefni fyrir börn.		
leigumorð	no	z			Orð sem telst almennt ekki óviðeigandi en gæti talist óviðeigandi umræðuefni fyrir börn.		
leigumorðingi	no	z			Orð sem telst almennt ekki óviðeigandi en gæti talist óviðeigandi umræðuefni fyrir börn.		
líflát	no	z			Orð sem telst almennt ekki óviðeigandi en gæti talist óviðeigandi umræðuefni fyrir börn.	hk	
lífláta	so	z			Orð sem telst almennt ekki óviðeigandi en gæti talist óviðeigandi umræðuefni fyrir börn.		
líflátsdómur	no	z			Orð sem telst almennt ekki óviðeigandi en gæti talist óviðeigandi umræðuefni fyrir börn.		
líflátshegning	no	z			Orð sem telst almennt ekki óviðeigandi en gæti talist óviðeigandi umræðuefni fyrir börn.		
líflátssök	no	z			Orð sem telst almennt ekki óviðeigandi en gæti talist óviðeigandi umræðuefni fyrir börn.		
lífsstíðarfangelsi	no	z	e		Orð sem telst almennt ekki óviðeigandi en gæti talist óviðeigandi umræðuefni fyrir börn.		
lífstíðardómur	no	z	e		Orð sem telst almennt ekki óviðeigandi en gæti talist óviðeigandi umræðuefni fyrir börn.		
lífstíðarfangavist	no	z	e		Orð sem telst almennt ekki óviðeigandi en gæti talist óviðeigandi umræðuefni fyrir börn.		
lífstíðarfangelsi	no	z	e		Orð sem telst almennt ekki óviðeigandi en gæti talist óviðeigandi umræðuefni fyrir börn.		
lífstíðarfangelsisdómur	no	z	e		Orð sem telst almennt ekki óviðeigandi en gæti talist óviðeigandi umræðuefni fyrir börn.		
lífstíðarfangelsisvist	no	z	e		Orð sem telst almennt ekki óviðeigandi en gæti talist óviðeigandi umræðuefni fyrir börn.		
líkamsáraás	no	z			Orð sem telst almennt ekki óviðeigandi en gæti talist óviðeigandi umræðuefni fyrir börn.		
líkamsárásamál	no	z			Orð sem telst almennt ekki óviðeigandi en gæti talist óviðeigandi umræðuefni fyrir börn.		
líkamsárásarákæra	no	z			Orð sem telst almennt ekki óviðeigandi en gæti talist óviðeigandi umræðuefni fyrir börn.		
líkamsárásarbrot	no	z			Orð sem telst almennt ekki óviðeigandi en gæti talist óviðeigandi umræðuefni fyrir börn.		
líkamsárásarmál	no	z			Orð sem telst almennt ekki óviðeigandi en gæti talist óviðeigandi umræðuefni fyrir börn.		
líkamsmeiðing	no	z			Orð sem telst almennt ekki óviðeigandi en gæti talist óviðeigandi umræðuefni fyrir börn.		
líkamsmeiðingarákvæði	no	z			Orð sem telst almennt ekki óviðeigandi en gæti talist óviðeigandi umræðuefni fyrir börn.		
líkamsrefsing	no	z			Orð sem telst almennt ekki óviðeigandi en gæti talist óviðeigandi umræðuefni fyrir börn.		
lögreglumorð	no	z			Orð sem telst almennt ekki óviðeigandi en gæti talist óviðeigandi umræðuefni fyrir börn.		
losti	no	z			Orð sem telst almennt ekki óviðeigandi en gæti talist óviðeigandi umræðuefni fyrir börn.		
lyfjanauðgari 	no	z			Orð sem telst almennt ekki óviðeigandi en gæti talist óviðeigandi umræðuefni fyrir börn.		
lyfjanauðgun	no	z			Orð sem telst almennt ekki óviðeigandi en gæti talist óviðeigandi umræðuefni fyrir börn.		
makaofbeldi	no	z			Orð sem telst almennt ekki óviðeigandi en gæti talist óviðeigandi umræðuefni fyrir börn.		
mannæta	no	z	n		Orð sem telst almennt ekki óviðeigandi en gæti talist óviðeigandi umræðuefni fyrir börn.		
mannát	no	z			Orð sem telst almennt ekki óviðeigandi en gæti talist óviðeigandi umræðuefni fyrir börn.		
manndráp	no	z			Orð sem telst almennt ekki óviðeigandi en gæti talist óviðeigandi umræðuefni fyrir börn.		
manndrápari	no	z			Orð sem telst almennt ekki óviðeigandi en gæti talist óviðeigandi umræðuefni fyrir börn.		
manndrápsákæra	no	z			Orð sem telst almennt ekki óviðeigandi en gæti talist óviðeigandi umræðuefni fyrir börn.		
manndrápsmál	no	z			Orð sem telst almennt ekki óviðeigandi en gæti talist óviðeigandi umræðuefni fyrir börn.		
manndrápstilraun	no	z			Orð sem telst almennt ekki óviðeigandi en gæti talist óviðeigandi umræðuefni fyrir börn.		
mannorðsmorðingi	no	z			Orð sem telst almennt ekki óviðeigandi en gæti talist óviðeigandi umræðuefni fyrir börn.		
mannrán	no	z	e		Orð sem telst almennt ekki óviðeigandi en gæti talist óviðeigandi umræðuefni fyrir börn.		
mannránsmál	no	z	e		Orð sem telst almennt ekki óviðeigandi en gæti talist óviðeigandi umræðuefni fyrir börn.		
mannshvarf	no	z	e		Orð sem telst almennt ekki óviðeigandi en gæti talist óviðeigandi umræðuefni fyrir börn.		
mannsrán	no	z			Orð sem telst almennt ekki óviðeigandi en gæti talist óviðeigandi umræðuefni fyrir börn.		
mansal	no	z			Orð sem telst almennt ekki óviðeigandi en gæti talist óviðeigandi umræðuefni fyrir börn.	hk	
mansalsbrot	no	z			Orð sem telst almennt ekki óviðeigandi en gæti talist óviðeigandi umræðuefni fyrir börn.		
mansalsfórnarlamb	no	z			Orð sem telst almennt ekki óviðeigandi en gæti talist óviðeigandi umræðuefni fyrir börn.		
mansalsglæpur	no	z			Orð sem telst almennt ekki óviðeigandi en gæti talist óviðeigandi umræðuefni fyrir börn.		
meinsæri	no	z			Orð sem telst almennt ekki óviðeigandi en gæti talist óviðeigandi umræðuefni fyrir börn.		
misnotkun	no	z			Orð sem telst almennt ekki óviðeigandi en gæti talist óviðeigandi umræðuefni fyrir börn.	kvk	
misþyrma	so	z	s		Orð sem telst almennt ekki óviðeigandi en gæti talist óviðeigandi umræðuefni fyrir börn.		
misþyrming	no	z			Orð sem telst almennt ekki óviðeigandi en gæti talist óviðeigandi umræðuefni fyrir börn.		
morð	no	z			Orð sem telst almennt ekki óviðeigandi en gæti talist óviðeigandi umræðuefni fyrir börn.		
morðæði	no	z			Orð sem telst almennt ekki óviðeigandi en gæti talist óviðeigandi umræðuefni fyrir börn.		
morðákæra	no	z			Orð sem telst almennt ekki óviðeigandi en gæti talist óviðeigandi umræðuefni fyrir börn.		
morðalda	no	z			Orð sem telst almennt ekki óviðeigandi en gæti talist óviðeigandi umræðuefni fyrir börn.		
morðárás	no	z			Orð sem telst almennt ekki óviðeigandi en gæti talist óviðeigandi umræðuefni fyrir börn.		
morðingi	no	z			Orð sem telst almennt ekki óviðeigandi en gæti talist óviðeigandi umræðuefni fyrir börn.		
morðingjahendi	no	z			Orð sem telst almennt ekki óviðeigandi en gæti talist óviðeigandi umræðuefni fyrir börn.		
morðmál	no	z			Orð sem telst almennt ekki óviðeigandi en gæti talist óviðeigandi umræðuefni fyrir börn.		
morðsaga	no	z			Orð sem telst almennt ekki óviðeigandi en gæti talist óviðeigandi umræðuefni fyrir börn.		
morðsamsæri	no	z			Orð sem telst almennt ekki óviðeigandi en gæti talist óviðeigandi umræðuefni fyrir börn.		
morðstaður	no	z			Orð sem telst almennt ekki óviðeigandi en gæti talist óviðeigandi umræðuefni fyrir börn.		
morðtæki	no	z			Orð sem telst almennt ekki óviðeigandi en gæti talist óviðeigandi umræðuefni fyrir börn.		
morðtilræði	no	z			Orð sem telst almennt ekki óviðeigandi en gæti talist óviðeigandi umræðuefni fyrir börn.		
morðtilraun	no	z			Orð sem telst almennt ekki óviðeigandi en gæti talist óviðeigandi umræðuefni fyrir börn.		
morðvopn	no	z			Orð sem telst almennt ekki óviðeigandi en gæti talist óviðeigandi umræðuefni fyrir börn.		
múgmorð	no	z			Orð sem telst almennt ekki óviðeigandi en gæti talist óviðeigandi umræðuefni fyrir börn.		
munaðarlaus	no	z			Orð sem telst almennt ekki óviðeigandi en gæti talist óviðeigandi umræðuefni fyrir börn.		
myrða	so	z			Orð sem telst almennt ekki óviðeigandi en gæti talist óviðeigandi umræðuefni fyrir börn.		
myrtur	lo	z			Orð sem telst almennt ekki óviðeigandi en gæti talist óviðeigandi umræðuefni fyrir börn.		
nauðga	so	z			Orð sem telst almennt ekki óviðeigandi en gæti talist óviðeigandi umræðuefni fyrir börn.		
nauðga	so	z	s y		Orð sem telst almennt ekki óviðeigandi en gæti talist óviðeigandi umræðuefni fyrir börn.		
nauðgan	no	z			Orð sem telst almennt ekki óviðeigandi en gæti talist óviðeigandi umræðuefni fyrir börn.		
nauðgari	no	z			Orð sem telst almennt ekki óviðeigandi en gæti talist óviðeigandi umræðuefni fyrir börn.		
nauðgun	no	z			Orð sem telst almennt ekki óviðeigandi en gæti talist óviðeigandi umræðuefni fyrir börn.		
nauðgun	no	z	y		Orð sem telst almennt ekki óviðeigandi en gæti talist óviðeigandi umræðuefni fyrir börn.	kvk	
nauðgunarákæra	no	z			Orð sem telst almennt ekki óviðeigandi en gæti talist óviðeigandi umræðuefni fyrir börn.		
nauðgunarákvæði	no	z			Orð sem telst almennt ekki óviðeigandi en gæti talist óviðeigandi umræðuefni fyrir börn.		
nauðgunarárás	no	z			Orð sem telst almennt ekki óviðeigandi en gæti talist óviðeigandi umræðuefni fyrir börn.		
nauðgunaratriði	no	z			Orð sem telst almennt ekki óviðeigandi en gæti talist óviðeigandi umræðuefni fyrir börn.		
nauðgunarbrot	no	z			Orð sem telst almennt ekki óviðeigandi en gæti talist óviðeigandi umræðuefni fyrir börn.		
nauðgunardómur	no	z			Orð sem telst almennt ekki óviðeigandi en gæti talist óviðeigandi umræðuefni fyrir börn.		
nauðgunarfórnarlamb	no	z			Orð sem telst almennt ekki óviðeigandi en gæti talist óviðeigandi umræðuefni fyrir börn.		
nauðgunargreni	no	z			Orð sem telst almennt ekki óviðeigandi en gæti talist óviðeigandi umræðuefni fyrir börn.		
nauðgunarhótun	no	z			Orð sem telst almennt ekki óviðeigandi en gæti talist óviðeigandi umræðuefni fyrir börn.		
nauðgunarkæra	no	z			Orð sem telst almennt ekki óviðeigandi en gæti talist óviðeigandi umræðuefni fyrir börn.		
nauðgunarlög	no	z			Orð sem telst almennt ekki óviðeigandi en gæti talist óviðeigandi umræðuefni fyrir börn.		
nauðgunarlyf	no	z			Orð sem telst almennt ekki óviðeigandi en gæti talist óviðeigandi umræðuefni fyrir börn.		
nauðgunarmál	no	z			Orð sem telst almennt ekki óviðeigandi en gæti talist óviðeigandi umræðuefni fyrir börn.		
nauðgunarmenning	no	z			Orð sem telst almennt ekki óviðeigandi en gæti talist óviðeigandi umræðuefni fyrir börn.		
nauðgunarsena	no	z			Orð sem telst almennt ekki óviðeigandi en gæti talist óviðeigandi umræðuefni fyrir börn.		
nauðgunarsinni	no	z	n		Orð sem telst almennt ekki óviðeigandi en gæti talist óviðeigandi umræðuefni fyrir börn.		
nauðgunartilfelli	no	z			Orð sem telst almennt ekki óviðeigandi en gæti talist óviðeigandi umræðuefni fyrir börn.		
nauðgunartilraun	no	z			Orð sem telst almennt ekki óviðeigandi en gæti talist óviðeigandi umræðuefni fyrir börn.		
nauðgunartilvik	no	z			Orð sem telst almennt ekki óviðeigandi en gæti talist óviðeigandi umræðuefni fyrir börn.		
nauðungarbrot	no	z			Orð sem telst almennt ekki óviðeigandi en gæti talist óviðeigandi umræðuefni fyrir börn.		
nautnafíkn	no	z			Orð sem telst almennt ekki óviðeigandi en gæti talist óviðeigandi umræðuefni fyrir börn.		
níðing	no	z			Orð sem telst almennt ekki óviðeigandi en gæti talist óviðeigandi umræðuefni fyrir börn.		kvk
ódæði	no	z	e		Orð sem telst almennt ekki óviðeigandi en gæti talist óviðeigandi umræðuefni fyrir börn.		
ódæðisverk	no	z	e		Orð sem telst almennt ekki óviðeigandi en gæti talist óviðeigandi umræðuefni fyrir börn.		
ofbeldi	no	z	e		Orð sem telst almennt ekki óviðeigandi en gæti talist óviðeigandi umræðuefni fyrir börn.		
ofbeldisárás	no	z			Orð sem telst almennt ekki óviðeigandi en gæti talist óviðeigandi umræðuefni fyrir börn.		
ofbeldisbeiting	no	z			Orð sem telst almennt ekki óviðeigandi en gæti talist óviðeigandi umræðuefni fyrir börn.		
ofbeldisbrot	no	z			Orð sem telst almennt ekki óviðeigandi en gæti talist óviðeigandi umræðuefni fyrir börn.		
ofbeldisdómur	no	z			Orð sem telst almennt ekki óviðeigandi en gæti talist óviðeigandi umræðuefni fyrir börn.		
ofbeldisglæpur	no	z			Orð sem telst almennt ekki óviðeigandi en gæti talist óviðeigandi umræðuefni fyrir börn.		
ofbeldishótun	no	z			Orð sem telst almennt ekki óviðeigandi en gæti talist óviðeigandi umræðuefni fyrir börn.		
ofbeldisrán	no	z			Orð sem telst almennt ekki óviðeigandi en gæti talist óviðeigandi umræðuefni fyrir börn.		
ofbeldisverk	no	z			Orð sem telst almennt ekki óviðeigandi en gæti talist óviðeigandi umræðuefni fyrir börn.		
pyntaður	lo	z			Orð sem telst almennt ekki óviðeigandi en gæti talist óviðeigandi umræðuefni fyrir börn.		
pynting	no	z			Orð sem telst almennt ekki óviðeigandi en gæti talist óviðeigandi umræðuefni fyrir börn.		
pyntingafangelsi	no	z			Orð sem telst almennt ekki óviðeigandi en gæti talist óviðeigandi umræðuefni fyrir börn.		
raðmorð	no	z			Orð sem telst almennt ekki óviðeigandi en gæti talist óviðeigandi umræðuefni fyrir börn.		
raðmorðingi	no	z			Orð sem telst almennt ekki óviðeigandi en gæti talist óviðeigandi umræðuefni fyrir börn.		
raðnauðgari	no	z			Orð sem telst almennt ekki óviðeigandi en gæti talist óviðeigandi umræðuefni fyrir börn.		
raðnauðgun	no	z			Orð sem telst almennt ekki óviðeigandi en gæti talist óviðeigandi umræðuefni fyrir börn.		
ránmorð	no	z			Orð sem telst almennt ekki óviðeigandi en gæti talist óviðeigandi umræðuefni fyrir börn.		
refisvist	no	z			Orð sem telst almennt ekki óviðeigandi en gæti talist óviðeigandi umræðuefni fyrir börn.		
refsibrot	no	z			Orð sem telst almennt ekki óviðeigandi en gæti talist óviðeigandi umræðuefni fyrir börn.		
réttarmorð	no	z			Orð sem telst almennt ekki óviðeigandi en gæti talist óviðeigandi umræðuefni fyrir börn.		
réttdræpur	lo	z			Orð sem telst almennt ekki óviðeigandi en gæti talist óviðeigandi umræðuefni fyrir börn.		
sæða	so	z	y		Orð sem telst almennt ekki óviðeigandi en gæti talist óviðeigandi umræðuefni fyrir börn.		
sæmdarmorð	no	z			Orð sem telst almennt ekki óviðeigandi en gæti talist óviðeigandi umræðuefni fyrir börn.		
sálarmorð	no	z			Orð sem telst almennt ekki óviðeigandi en gæti talist óviðeigandi umræðuefni fyrir börn.		
sifskaparbrot	no	z			Orð sem telst almennt ekki óviðeigandi en gæti talist óviðeigandi umræðuefni fyrir börn.		
sjálfmorð	no	z	c		Orð sem telst almennt ekki óviðeigandi en gæti talist óviðeigandi umræðuefni fyrir börn.	mögulega stafsetningarvilla 	
sjálfsmorð	no	z			Orð sem telst almennt ekki óviðeigandi en gæti talist óviðeigandi umræðuefni fyrir börn.		
sjálfsmorð	no	z			Orð sem telst almennt ekki óviðeigandi en gæti talist óviðeigandi umræðuefni fyrir börn.	hk	
sjálfsmorðárás	no	z			Orð sem telst almennt ekki óviðeigandi en gæti talist óviðeigandi umræðuefni fyrir börn.		
sjálfsmorðsárás	no	z			Orð sem telst almennt ekki óviðeigandi en gæti talist óviðeigandi umræðuefni fyrir börn.	kvk	
sjálfsmorðsprengjuárás	no	z			Orð sem telst almennt ekki óviðeigandi en gæti talist óviðeigandi umræðuefni fyrir börn.		
sjálfsmorðstilræði	no	z			Orð sem telst almennt ekki óviðeigandi en gæti talist óviðeigandi umræðuefni fyrir börn.		
sjálfsmorðstilraun	no	z			Orð sem telst almennt ekki óviðeigandi en gæti talist óviðeigandi umræðuefni fyrir börn.		
sjálfsvíg	no	z			Orð sem telst almennt ekki óviðeigandi en gæti talist óviðeigandi umræðuefni fyrir börn.		
sjálfsvíg	no	z			Orð sem telst almennt ekki óviðeigandi en gæti talist óviðeigandi umræðuefni fyrir börn.	hk	
skilorðsbrot	no	z			Orð sem telst almennt ekki óviðeigandi en gæti talist óviðeigandi umræðuefni fyrir börn.		
skírlífisbrot	no	z	y		Orð sem telst almennt ekki óviðeigandi en gæti talist óviðeigandi umræðuefni fyrir börn.		
skotárás	no	z			Orð sem telst almennt ekki óviðeigandi en gæti talist óviðeigandi umræðuefni fyrir börn.		
smáafbrot	no	z			Orð sem telst almennt ekki óviðeigandi en gæti talist óviðeigandi umræðuefni fyrir börn.		
spillingarbrot	no	z			Orð sem telst almennt ekki óviðeigandi en gæti talist óviðeigandi umræðuefni fyrir börn.		
stríðglæpur	no	z			Orð sem telst almennt ekki óviðeigandi en gæti talist óviðeigandi umræðuefni fyrir börn.		
stríðsnauðgun	no	z			Orð sem telst almennt ekki óviðeigandi en gæti talist óviðeigandi umræðuefni fyrir börn.		
stríðspabbi	no	z	q		Orð sem telst almennt ekki óviðeigandi en gæti talist óviðeigandi umræðuefni fyrir börn.		merking óljós
stríðsréttarhöld	no	z			Orð sem telst almennt ekki óviðeigandi en gæti talist óviðeigandi umræðuefni fyrir börn.		
svipuhögg	no	z			Orð sem telst almennt ekki óviðeigandi en gæti talist óviðeigandi umræðuefni fyrir börn.		
tæling	no	z			Orð sem telst almennt ekki óviðeigandi en gæti talist óviðeigandi umræðuefni fyrir börn.		
vændi	no	z	y		Orð sem telst almennt ekki óviðeigandi en gæti talist óviðeigandi umræðuefni fyrir börn.	hk	
vændisbrot	no	z			Orð sem telst almennt ekki óviðeigandi en gæti talist óviðeigandi umræðuefni fyrir börn.		
vændiskaup	no	z			Orð sem telst almennt ekki óviðeigandi en gæti talist óviðeigandi umræðuefni fyrir börn.		
vændiskona	no	z			Orð sem telst almennt ekki óviðeigandi en gæti talist óviðeigandi umræðuefni fyrir börn.	kvk	
vændismál	no	z			Orð sem telst almennt ekki óviðeigandi en gæti talist óviðeigandi umræðuefni fyrir börn.		
valdamisnotkun	no	z			Orð sem telst almennt ekki óviðeigandi en gæti talist óviðeigandi umræðuefni fyrir börn.		
vandarhögg	no	z			Orð sem telst almennt ekki óviðeigandi en gæti talist óviðeigandi umræðuefni fyrir börn.		
varðhaldsrefsing	no	z			Orð sem telst almennt ekki óviðeigandi en gæti talist óviðeigandi umræðuefni fyrir börn.		
velsæmisbrot	no	z			Orð sem telst almennt ekki óviðeigandi en gæti talist óviðeigandi umræðuefni fyrir börn.		
víma	no	z	d		Orð sem telst almennt ekki óviðeigandi en gæti talist óviðeigandi umræðuefni fyrir börn.		
víma	so	z	s d		Orð sem telst almennt ekki óviðeigandi en gæti talist óviðeigandi umræðuefni fyrir börn.		
voðaverk	no	z			Orð sem telst almennt ekki óviðeigandi en gæti talist óviðeigandi umræðuefni fyrir börn.		
þjóðarmorð	no	z			Orð sem telst almennt ekki óviðeigandi en gæti talist óviðeigandi umræðuefni fyrir börn.	hk	
þolandi	no	z			Orð sem telst almennt ekki óviðeigandi en gæti talist óviðeigandi umræðuefni fyrir börn.		
aðildarsinni	no	i			Pólitískt orð, getur verið gildishlaðið og fólk með ólíkar skoðanir haft mismunandi tilfinningar til þess 		
afneitunarsinni	no	i			Pólitískt orð, getur verið gildishlaðið og fólk með ólíkar skoðanir haft mismunandi tilfinningar til þess 		
afturhaldsmaður	no	i			Pólitískt orð, getur verið gildishlaðið og fólk með ólíkar skoðanir haft mismunandi tilfinningar til þess 		
aktívisti	no	i			Pólitískt orð, getur verið gildishlaðið og fólk með ólíkar skoðanir haft mismunandi tilfinningar til þess 		
anarkisti	no	i			Pólitískt orð, getur verið gildishlaðið og fólk með ólíkar skoðanir haft mismunandi tilfinningar til þess 		
andfasisti	no	i			Pólitískt orð, getur verið gildishlaðið og fólk með ólíkar skoðanir haft mismunandi tilfinningar til þess 		
andfemínisti	no	i			Pólitískt orð, getur verið gildishlaðið og fólk með ólíkar skoðanir haft mismunandi tilfinningar til þess 		
efahyggjumaður	no	i			Pólitískt orð, getur verið gildishlaðið og fólk með ólíkar skoðanir haft mismunandi tilfinningar til þess 		
efnishyggjumaður	no	i			Pólitískt orð, getur verið gildishlaðið og fólk með ólíkar skoðanir haft mismunandi tilfinningar til þess 		
einangrunarsinni	no	i			Pólitískt orð, getur verið gildishlaðið og fólk með ólíkar skoðanir haft mismunandi tilfinningar til þess 		
fasískur	lo	i			Pólitískt orð, getur verið gildishlaðið og fólk með ólíkar skoðanir haft mismunandi tilfinningar til þess 		
fasisti	no	i			Pólitískt orð, getur verið gildishlaðið og fólk með ólíkar skoðanir haft mismunandi tilfinningar til þess 		
feministi	no	i			Pólitískt orð, getur verið gildishlaðið og fólk með ólíkar skoðanir haft mismunandi tilfinningar til þess 		
femínisti	no	i			Pólitískt orð, getur verið gildishlaðið og fólk með ólíkar skoðanir haft mismunandi tilfinningar til þess 		
föðurlandssinni	no	i			Pólitískt orð, getur verið gildishlaðið og fólk með ólíkar skoðanir haft mismunandi tilfinningar til þess 		
föðurlandssvikari	no	i			Pólitískt orð, getur verið gildishlaðið og fólk með ólíkar skoðanir haft mismunandi tilfinningar til þess 		
forræðishyggjumaður	no	i			Pólitískt orð, getur verið gildishlaðið og fólk með ólíkar skoðanir haft mismunandi tilfinningar til þess 		
frelsissinni	no	i			Pólitískt orð, getur verið gildishlaðið og fólk með ólíkar skoðanir haft mismunandi tilfinningar til þess 		
íhaldsmaður	no	i			Pólitískt orð, getur verið gildishlaðið og fólk með ólíkar skoðanir haft mismunandi tilfinningar til þess 		
karlfemínisti	no	i	k		Pólitískt orð, getur verið gildishlaðið og fólk með ólíkar skoðanir haft mismunandi tilfinningar til þess 		
krataeðli					Pólitískt orð, getur verið gildishlaðið og fólk með ólíkar skoðanir haft mismunandi tilfinningar til þess 		
krataeðlissjúkdómur					Pólitískt orð, getur verið gildishlaðið og fólk með ólíkar skoðanir haft mismunandi tilfinningar til þess 		
krati					Pólitískt orð, getur verið gildishlaðið og fólk með ólíkar skoðanir haft mismunandi tilfinningar til þess 		
málfarsfasisti	no	i			Pólitískt orð, getur verið gildishlaðið og fólk með ólíkar skoðanir haft mismunandi tilfinningar til þess 		
marxisti	no	i			Pólitískt orð, getur verið gildishlaðið og fólk með ólíkar skoðanir haft mismunandi tilfinningar til þess 		
narsissisti	no	i			Pólitískt orð, getur verið gildishlaðið og fólk með ólíkar skoðanir haft mismunandi tilfinningar til þess 		
nasismi	no	i			Pólitískt orð, getur verið gildishlaðið og fólk með ólíkar skoðanir haft mismunandi tilfinningar til þess 		
nasisti	no	i			Pólitískt orð, getur verið gildishlaðið og fólk með ólíkar skoðanir haft mismunandi tilfinningar til þess 		
níhilisti	no	i			Pólitískt orð, getur verið gildishlaðið og fólk með ólíkar skoðanir haft mismunandi tilfinningar til þess 		
níhílisti	no	i			Pólitískt orð, getur verið gildishlaðið og fólk með ólíkar skoðanir haft mismunandi tilfinningar til þess 		
nýfasisti	no	i			Pólitískt orð, getur verið gildishlaðið og fólk með ólíkar skoðanir haft mismunandi tilfinningar til þess 		
nýnasisti	no	i			Pólitískt orð, getur verið gildishlaðið og fólk með ólíkar skoðanir haft mismunandi tilfinningar til þess 		
nýrasismi	no	i			Pólitískt orð, getur verið gildishlaðið og fólk með ólíkar skoðanir haft mismunandi tilfinningar til þess 		
nýrasisti	no	i			Pólitískt orð, getur verið gildishlaðið og fólk með ólíkar skoðanir haft mismunandi tilfinningar til þess 		
öfgafemínismi	no	i			Pólitískt orð, getur verið gildishlaðið og fólk með ólíkar skoðanir haft mismunandi tilfinningar til þess 		
öfgamaður	no	i			Pólitískt orð, getur verið gildishlaðið og fólk með ólíkar skoðanir haft mismunandi tilfinningar til þess 		
öfgaþjóðernissinni	no	i			Pólitískt orð, getur verið gildishlaðið og fólk með ólíkar skoðanir haft mismunandi tilfinningar til þess 		
óþjóðrækinn	lo	i			Pólitískt orð, getur verið gildishlaðið og fólk með ólíkar skoðanir haft mismunandi tilfinningar til þess 		
pólitíkus	no	i			Pólitískt orð, getur verið gildishlaðið og fólk með ólíkar skoðanir haft mismunandi tilfinningar til þess 		
pönkari	no	i			Pólitískt orð, getur verið gildishlaðið og fólk með ólíkar skoðanir haft mismunandi tilfinningar til þess 		
popúlískur	lo	i			Pólitískt orð, getur verið gildishlaðið og fólk með ólíkar skoðanir haft mismunandi tilfinningar til þess 		
popúlisti	no	i			Pólitískt orð, getur verið gildishlaðið og fólk með ólíkar skoðanir haft mismunandi tilfinningar til þess 		
rasismi	no	i			Pólitískt orð, getur verið gildishlaðið og fólk með ólíkar skoðanir haft mismunandi tilfinningar til þess 		
rasisti	no	i	þ		Pólitískt orð, getur verið gildishlaðið og fólk með ólíkar skoðanir haft mismunandi tilfinningar til þess 		
réttlætismarxismin					Pólitískt orð, getur verið gildishlaðið og fólk með ólíkar skoðanir haft mismunandi tilfinningar til þess 		
sadisti	no	i			Pólitískt orð, getur verið gildishlaðið og fólk með ólíkar skoðanir haft mismunandi tilfinningar til þess 		
skoðanafasismi	no	i			Pólitískt orð, getur verið gildishlaðið og fólk með ólíkar skoðanir haft mismunandi tilfinningar til þess 		
stalínisti	no	i			Pólitískt orð, getur verið gildishlaðið og fólk með ólíkar skoðanir haft mismunandi tilfinningar til þess 		
umhverfissinni	no	i			Pólitískt orð, getur verið gildishlaðið og fólk með ólíkar skoðanir haft mismunandi tilfinningar til þess 		
verndarsinni	no	i			Pólitískt orð, getur verið gildishlaðið og fólk með ólíkar skoðanir haft mismunandi tilfinningar til þess 		
zíonisti	no	i			Pólitískt orð, getur verið gildishlaðið og fólk með ólíkar skoðanir haft mismunandi tilfinningar til þess 		
þjóðernisbrot	no	i			Pólitískt orð, getur verið gildishlaðið og fólk með ólíkar skoðanir haft mismunandi tilfinningar til þess 		
þjóðernissinni	no	i			Pólitískt orð, getur verið gildishlaðið og fólk með ólíkar skoðanir haft mismunandi tilfinningar til þess 		
agabrot	no	e			Telst ekki óviðeigandi, hefur aðeins flókna merkingu og því verið sýjað frá þegar börn taka þátt í ýmsu máltæknitengdu.		
ákæra	no	e			Telst ekki óviðeigandi, hefur aðeins flókna merkingu og því verið sýjað frá þegar börn taka þátt í ýmsu máltæknitengdu.		
ákæra	so	e			Telst ekki óviðeigandi, hefur aðeins flókna merkingu og því verið sýjað frá þegar börn taka þátt í ýmsu máltæknitengdu.		
ákærandi	no	e			Telst ekki óviðeigandi, hefur aðeins flókna merkingu og því verið sýjað frá þegar börn taka þátt í ýmsu máltæknitengdu.		
ákærður	lo	e			Telst ekki óviðeigandi, hefur aðeins flókna merkingu og því verið sýjað frá þegar börn taka þátt í ýmsu máltæknitengdu.		
ákæruatriði	no	e			Telst ekki óviðeigandi, hefur aðeins flókna merkingu og því verið sýjað frá þegar börn taka þátt í ýmsu máltæknitengdu.		
ákærudómstóll	no	e			Telst ekki óviðeigandi, hefur aðeins flókna merkingu og því verið sýjað frá þegar börn taka þátt í ýmsu máltæknitengdu.		
ákæruferli	no	e			Telst ekki óviðeigandi, hefur aðeins flókna merkingu og því verið sýjað frá þegar börn taka þátt í ýmsu máltæknitengdu.		
ákærukviðdómur	no	e			Telst ekki óviðeigandi, hefur aðeins flókna merkingu og því verið sýjað frá þegar börn taka þátt í ýmsu máltæknitengdu.		
ákæruliður	no	e			Telst ekki óviðeigandi, hefur aðeins flókna merkingu og því verið sýjað frá þegar börn taka þátt í ýmsu máltæknitengdu.		
ákærumál	no	e			Telst ekki óviðeigandi, hefur aðeins flókna merkingu og því verið sýjað frá þegar börn taka þátt í ýmsu máltæknitengdu.		
ákæruskali	no	e			Telst ekki óviðeigandi, hefur aðeins flókna merkingu og því verið sýjað frá þegar börn taka þátt í ýmsu máltæknitengdu.		
ákvæði	no	e			Telst ekki óviðeigandi, hefur aðeins flókna merkingu og því verið sýjað frá þegar börn taka þátt í ýmsu máltæknitengdu.	hk	
app	no	e			Telst ekki óviðeigandi, hefur aðeins flókna merkingu og því verið sýjað frá þegar börn taka þátt í ýmsu máltæknitengdu.	hk	
arðsemi	no	e			Telst ekki óviðeigandi, hefur aðeins flókna merkingu og því verið sýjað frá þegar börn taka þátt í ýmsu máltæknitengdu.	kvk	
auðgunarbrot	no	e			Telst ekki óviðeigandi, hefur aðeins flókna merkingu og því verið sýjað frá þegar börn taka þátt í ýmsu máltæknitengdu.		
bæjaryfirvald	no	e			Telst ekki óviðeigandi, hefur aðeins flókna merkingu og því verið sýjað frá þegar börn taka þátt í ýmsu máltæknitengdu.	hk	
bankahrun	no	e			Telst ekki óviðeigandi, hefur aðeins flókna merkingu og því verið sýjað frá þegar börn taka þátt í ýmsu máltæknitengdu.	hk	
borgaryfirvöld	no	e			Telst ekki óviðeigandi, hefur aðeins flókna merkingu og því verið sýjað frá þegar börn taka þátt í ýmsu máltæknitengdu.	hk	
deiliskipulag	no	e			Telst ekki óviðeigandi, hefur aðeins flókna merkingu og því verið sýjað frá þegar börn taka þátt í ýmsu máltæknitengdu.	hk	
dómsmálaráðuneyti	no	e			Telst ekki óviðeigandi, hefur aðeins flókna merkingu og því verið sýjað frá þegar börn taka þátt í ýmsu máltæknitengdu.	hk	
efnhagsbrot	no	e			Telst ekki óviðeigandi, hefur aðeins flókna merkingu og því verið sýjað frá þegar börn taka þátt í ýmsu máltæknitengdu.		
eignarhaldsfélag	no	e			Telst ekki óviðeigandi, hefur aðeins flókna merkingu og því verið sýjað frá þegar börn taka þátt í ýmsu máltæknitengdu.	hk	
eilífðarbrot	no	e			Telst ekki óviðeigandi, hefur aðeins flókna merkingu og því verið sýjað frá þegar börn taka þátt í ýmsu máltæknitengdu.		
embættismaður	no	e			Telst ekki óviðeigandi, hefur aðeins flókna merkingu og því verið sýjað frá þegar börn taka þátt í ýmsu máltæknitengdu.	kk	
endurskipulagning	no	e			Telst ekki óviðeigandi, hefur aðeins flókna merkingu og því verið sýjað frá þegar börn taka þátt í ýmsu máltæknitengdu.	kvk	
fangelsa	so	e	s		Telst ekki óviðeigandi, hefur aðeins flókna merkingu og því verið sýjað frá þegar börn taka þátt í ýmsu máltæknitengdu.		
fangelsisdómur	no	e			Telst ekki óviðeigandi, hefur aðeins flókna merkingu og því verið sýjað frá þegar börn taka þátt í ýmsu máltæknitengdu.		
fangelsisóeirðir	no	e			Telst ekki óviðeigandi, hefur aðeins flókna merkingu og því verið sýjað frá þegar börn taka þátt í ýmsu máltæknitengdu.		
fangelsisrefsing	no	e			Telst ekki óviðeigandi, hefur aðeins flókna merkingu og því verið sýjað frá þegar börn taka þátt í ýmsu máltæknitengdu.		
fangelsisuppreisn	no	e			Telst ekki óviðeigandi, hefur aðeins flókna merkingu og því verið sýjað frá þegar börn taka þátt í ýmsu máltæknitengdu.		
fangelsisvist	no	e			Telst ekki óviðeigandi, hefur aðeins flókna merkingu og því verið sýjað frá þegar börn taka þátt í ýmsu máltæknitengdu.		
fangelsun	no	e			Telst ekki óviðeigandi, hefur aðeins flókna merkingu og því verið sýjað frá þegar börn taka þátt í ýmsu máltæknitengdu.		
félagaskiptagluggi	no	e			Telst ekki óviðeigandi, hefur aðeins flókna merkingu og því verið sýjað frá þegar börn taka þátt í ýmsu máltæknitengdu.	kk	
fíknefnabrot	no	e			Telst ekki óviðeigandi, hefur aðeins flókna merkingu og því verið sýjað frá þegar börn taka þátt í ýmsu máltæknitengdu.		
fíkniefnaglæpur	no	e			Telst ekki óviðeigandi, hefur aðeins flókna merkingu og því verið sýjað frá þegar börn taka þátt í ýmsu máltæknitengdu.		
fíkniefnalagabrot	no	e					
fjárdráttarákæra	no	e			Telst ekki óviðeigandi, hefur aðeins flókna merkingu og því verið sýjað frá þegar börn taka þátt í ýmsu máltæknitengdu.		
fjárhagslegur	lo	e			Telst ekki óviðeigandi, hefur aðeins flókna merkingu og því verið sýjað frá þegar börn taka þátt í ýmsu máltæknitengdu.		
fjárlagafrumvarp	no	e			Telst ekki óviðeigandi, hefur aðeins flókna merkingu og því verið sýjað frá þegar börn taka þátt í ýmsu máltæknitengdu.	hk	
fjármálakerfi	no	e			Telst ekki óviðeigandi, hefur aðeins flókna merkingu og því verið sýjað frá þegar börn taka þátt í ýmsu máltæknitengdu.	hk	
fjármálaráðherra	no	e			Telst ekki óviðeigandi, hefur aðeins flókna merkingu og því verið sýjað frá þegar börn taka þátt í ýmsu máltæknitengdu.	kk	
fjársvikabrot	no	e			Telst ekki óviðeigandi, hefur aðeins flókna merkingu og því verið sýjað frá þegar börn taka þátt í ýmsu máltæknitengdu.		
fjölkvæni	no	e			Telst ekki óviðeigandi, hefur aðeins flókna merkingu og því verið sýjað frá þegar börn taka þátt í ýmsu máltæknitengdu.		
fordómur	no	e			Telst ekki óviðeigandi, hefur aðeins flókna merkingu og því verið sýjað frá þegar börn taka þátt í ýmsu máltæknitengdu.		
gæsluvarðhald	no	e			Telst ekki óviðeigandi, hefur aðeins flókna merkingu og því verið sýjað frá þegar börn taka þátt í ýmsu máltæknitengdu.	hk	
gæsluvarðhaldskrafa	no	e			Telst ekki óviðeigandi, hefur aðeins flókna merkingu og því verið sýjað frá þegar börn taka þátt í ýmsu máltæknitengdu.		
gæsluvarðhaldsúrskurður	no	e			Telst ekki óviðeigandi, hefur aðeins flókna merkingu og því verið sýjað frá þegar börn taka þátt í ýmsu máltæknitengdu.		
gáleysisbrot	no	e			Telst ekki óviðeigandi, hefur aðeins flókna merkingu og því verið sýjað frá þegar börn taka þátt í ýmsu máltæknitengdu.		
gjaldeyrishöft	no	e			Telst ekki óviðeigandi, hefur aðeins flókna merkingu og því verið sýjað frá þegar börn taka þátt í ýmsu máltæknitengdu.	hk. ft.	
gjaldþrota	lo	e			Telst ekki óviðeigandi, hefur aðeins flókna merkingu og því verið sýjað frá þegar börn taka þátt í ýmsu máltæknitengdu.		
glæpaverk	no	e			Telst ekki óviðeigandi, hefur aðeins flókna merkingu og því verið sýjað frá þegar börn taka þátt í ýmsu máltæknitengdu.		
glæpur	no	e			Telst ekki óviðeigandi, hefur aðeins flókna merkingu og því verið sýjað frá þegar börn taka þátt í ýmsu máltæknitengdu.		
greiningardeild	no	e			Telst ekki óviðeigandi, hefur aðeins flókna merkingu og því verið sýjað frá þegar börn taka þátt í ýmsu máltæknitengdu.	kvk	
hælisleitandi	no	e			Telst ekki óviðeigandi, hefur aðeins flókna merkingu og því verið sýjað frá þegar börn taka þátt í ýmsu máltæknitengdu.	kk	
hámarksrefsing	no	e			Telst ekki óviðeigandi, hefur aðeins flókna merkingu og því verið sýjað frá þegar börn taka þátt í ýmsu máltæknitengdu.		
hatursáróður	no	e	z		Telst ekki óviðeigandi, hefur aðeins flókna merkingu og því verið sýjað frá þegar börn taka þátt í ýmsu máltæknitengdu.		
hatursefni	no	e	z		Telst ekki óviðeigandi, hefur aðeins flókna merkingu og því verið sýjað frá þegar börn taka þátt í ýmsu máltæknitengdu.		
hatursglæpur	no	e	z		Telst ekki óviðeigandi, hefur aðeins flókna merkingu og því verið sýjað frá þegar börn taka þátt í ýmsu máltæknitengdu.		
haturstal	no	e	z		Telst ekki óviðeigandi, hefur aðeins flókna merkingu og því verið sýjað frá þegar börn taka þátt í ýmsu máltæknitengdu.		
hegning	no	e			Telst ekki óviðeigandi, hefur aðeins flókna merkingu og því verið sýjað frá þegar börn taka þátt í ýmsu máltæknitengdu.		
hegningalagabrot	no	e			Telst ekki óviðeigandi, hefur aðeins flókna merkingu og því verið sýjað frá þegar börn taka þátt í ýmsu máltæknitengdu.		
hegningaraukar	no	e			Telst ekki óviðeigandi, hefur aðeins flókna merkingu og því verið sýjað frá þegar börn taka þátt í ýmsu máltæknitengdu.		
hegningardómur	no	e			Telst ekki óviðeigandi, hefur aðeins flókna merkingu og því verið sýjað frá þegar börn taka þátt í ýmsu máltæknitengdu.		
hegningarlagabrot	no	e			Telst ekki óviðeigandi, hefur aðeins flókna merkingu og því verið sýjað frá þegar börn taka þátt í ýmsu máltæknitengdu.		
heiðvirður	lo	e			Telst ekki óviðeigandi, hefur aðeins flókna merkingu og því verið sýjað frá þegar börn taka þátt í ýmsu máltæknitengdu.		
héraðssaksóknari	no	e			Telst ekki óviðeigandi, hefur aðeins flókna merkingu og því verið sýjað frá þegar börn taka þátt í ýmsu máltæknitengdu.		
herdómstóll	no	e			Telst ekki óviðeigandi, hefur aðeins flókna merkingu og því verið sýjað frá þegar börn taka þátt í ýmsu máltæknitengdu.		
herfangelsi	no	e			Telst ekki óviðeigandi, hefur aðeins flókna merkingu og því verið sýjað frá þegar börn taka þátt í ýmsu máltæknitengdu.		
herglæpur	no	e			Telst ekki óviðeigandi, hefur aðeins flókna merkingu og því verið sýjað frá þegar börn taka þátt í ýmsu máltæknitengdu.		
herréttarhöld	no	e			Telst ekki óviðeigandi, hefur aðeins flókna merkingu og því verið sýjað frá þegar börn taka þátt í ýmsu máltæknitengdu.		
hlutabréfamarkaður	no	e			Telst ekki óviðeigandi, hefur aðeins flókna merkingu og því verið sýjað frá þegar börn taka þátt í ýmsu máltæknitengdu.	kk	
hlutabréfavísitala	no	e			Telst ekki óviðeigandi, hefur aðeins flókna merkingu og því verið sýjað frá þegar börn taka þátt í ýmsu máltæknitengdu.	kvk	
hluthafi	no	e			Telst ekki óviðeigandi, hefur aðeins flókna merkingu og því verið sýjað frá þegar börn taka þátt í ýmsu máltæknitengdu.	kk	
hugmyndafræði	no	e			Telst ekki óviðeigandi, hefur aðeins flókna merkingu og því verið sýjað frá þegar börn taka þátt í ýmsu máltæknitengdu.	kvk	
hylming	no	e			Telst ekki óviðeigandi, hefur aðeins flókna merkingu og því verið sýjað frá þegar börn taka þátt í ýmsu máltæknitengdu.		
innherjasvikabrot	no	e			Telst ekki óviðeigandi, hefur aðeins flókna merkingu og því verið sýjað frá þegar börn taka þátt í ýmsu máltæknitengdu.		
karakter	no	e			Telst ekki óviðeigandi, hefur aðeins flókna merkingu og því verið sýjað frá þegar börn taka þátt í ýmsu máltæknitengdu.	kk	
karlkynsorð	no	e			Telst ekki óviðeigandi, hefur aðeins flókna merkingu og því verið sýjað frá þegar börn taka þátt í ýmsu máltæknitengdu.		
kaupmáttur	no	e			Telst ekki óviðeigandi, hefur aðeins flókna merkingu og því verið sýjað frá þegar börn taka þátt í ýmsu máltæknitengdu.	kk	
kaupsamningur	no	e			Telst ekki óviðeigandi, hefur aðeins flókna merkingu og því verið sýjað frá þegar börn taka þátt í ýmsu máltæknitengdu.	kk	
kjarasamningur	no	e			Telst ekki óviðeigandi, hefur aðeins flókna merkingu og því verið sýjað frá þegar börn taka þátt í ýmsu máltæknitengdu.	kk	
kollegi	no	e			Telst ekki óviðeigandi, hefur aðeins flókna merkingu og því verið sýjað frá þegar börn taka þátt í ýmsu máltæknitengdu.	kk	
kosningalagabrot	no	e			Telst ekki óviðeigandi, hefur aðeins flókna merkingu og því verið sýjað frá þegar börn taka þátt í ýmsu máltæknitengdu.		
kröfuhafi	no	e			Telst ekki óviðeigandi, hefur aðeins flókna merkingu og því verið sýjað frá þegar börn taka þátt í ýmsu máltæknitengdu.	kk	
kvæðisbrot	no	e			Telst ekki óviðeigandi, hefur aðeins flókna merkingu og því verið sýjað frá þegar börn taka þátt í ýmsu máltæknitengdu.		
kvenfrelsisbrot	no	e			Telst ekki óviðeigandi, hefur aðeins flókna merkingu og því verið sýjað frá þegar börn taka þátt í ýmsu máltæknitengdu.		
kvenkynsorð	no	e			Telst ekki óviðeigandi, hefur aðeins flókna merkingu og því verið sýjað frá þegar börn taka þátt í ýmsu máltæknitengdu.		
lagabrot	no	e			Telst ekki óviðeigandi, hefur aðeins flókna merkingu og því verið sýjað frá þegar börn taka þátt í ýmsu máltæknitengdu.		
lágmarksrefsing	no	e			Telst ekki óviðeigandi, hefur aðeins flókna merkingu og því verið sýjað frá þegar börn taka þátt í ýmsu máltæknitengdu.		
landbúnaðarráðherra	no	e			Telst ekki óviðeigandi, hefur aðeins flókna merkingu og því verið sýjað frá þegar börn taka þátt í ýmsu máltæknitengdu.	kk	
landráð	no	e			Telst ekki óviðeigandi, hefur aðeins flókna merkingu og því verið sýjað frá þegar börn taka þátt í ýmsu máltæknitengdu.		
landráðaákæra	no	e			Telst ekki óviðeigandi, hefur aðeins flókna merkingu og því verið sýjað frá þegar börn taka þátt í ýmsu máltæknitengdu.		
landráðamaður	no	e			Telst ekki óviðeigandi, hefur aðeins flókna merkingu og því verið sýjað frá þegar börn taka þátt í ýmsu máltæknitengdu.		
landsframleiðsla	no	e			Telst ekki óviðeigandi, hefur aðeins flókna merkingu og því verið sýjað frá þegar börn taka þátt í ýmsu máltæknitengdu.	kvk	
lífeyrissjóður	no	e			Telst ekki óviðeigandi, hefur aðeins flókna merkingu og því verið sýjað frá þegar börn taka þátt í ýmsu máltæknitengdu.	kk	
lögregluákæra	no	e			Telst ekki óviðeigandi, hefur aðeins flókna merkingu og því verið sýjað frá þegar börn taka þátt í ýmsu máltæknitengdu.		
málsmeðferð	no	e			Telst ekki óviðeigandi, hefur aðeins flókna merkingu og því verið sýjað frá þegar börn taka þátt í ýmsu máltæknitengdu.	kvk	
mannorðsmeiðing	no	e			Telst ekki óviðeigandi, hefur aðeins flókna merkingu og því verið sýjað frá þegar börn taka þátt í ýmsu máltæknitengdu.		
mannréttindarbrot	no	e			Telst ekki óviðeigandi, hefur aðeins flókna merkingu og því verið sýjað frá þegar börn taka þátt í ýmsu máltæknitengdu.		
minnisbrot	no	e			Telst ekki óviðeigandi, hefur aðeins flókna merkingu og því verið sýjað frá þegar börn taka þátt í ýmsu máltæknitengdu.		
nálgunarbannsmál	no	e			Telst ekki óviðeigandi, hefur aðeins flókna merkingu og því verið sýjað frá þegar börn taka þátt í ýmsu máltæknitengdu.		
nálgunarbannsúrskurður	no	e			Telst ekki óviðeigandi, hefur aðeins flókna merkingu og því verið sýjað frá þegar börn taka þátt í ýmsu máltæknitengdu.		
narri	no	e			Telst ekki óviðeigandi, hefur aðeins flókna merkingu og því verið sýjað frá þegar börn taka þátt í ýmsu máltæknitengdu.	kk	
neðanjarðarfangelsi	no	e			Telst ekki óviðeigandi, hefur aðeins flókna merkingu og því verið sýjað frá þegar börn taka þátt í ýmsu máltæknitengdu.		
öldungadeildarþingmaður	no	e			Telst ekki óviðeigandi, hefur aðeins flókna merkingu og því verið sýjað frá þegar börn taka þátt í ýmsu máltæknitengdu.	kk	
óskilorðsbundinn	lo	e			Telst ekki óviðeigandi, hefur aðeins flókna merkingu og því verið sýjað frá þegar börn taka þátt í ýmsu máltæknitengdu.		
pútín	no	e			Telst ekki óviðeigandi, hefur aðeins flókna merkingu og því verið sýjað frá þegar börn taka þátt í ýmsu máltæknitengdu.	kk	
rán	no	e	z		Telst ekki óviðeigandi, hefur aðeins flókna merkingu og því verið sýjað frá þegar börn taka þátt í ýmsu máltæknitengdu.		
ránsbrot	no	e	z		Telst ekki óviðeigandi, hefur aðeins flókna merkingu og því verið sýjað frá þegar börn taka þátt í ýmsu máltæknitengdu.		
refsilög	no	e			Telst ekki óviðeigandi, hefur aðeins flókna merkingu og því verið sýjað frá þegar börn taka þátt í ýmsu máltæknitengdu.		
refsiverður	lo	e			Telst ekki óviðeigandi, hefur aðeins flókna merkingu og því verið sýjað frá þegar börn taka þátt í ýmsu máltæknitengdu.		
rekstrarkostnaður	no	e			Telst ekki óviðeigandi, hefur aðeins flókna merkingu og því verið sýjað frá þegar börn taka þátt í ýmsu máltæknitengdu.	kk	
réttarhöld	no	e			Telst ekki óviðeigandi, hefur aðeins flókna merkingu og því verið sýjað frá þegar börn taka þátt í ýmsu máltæknitengdu.		
réttlætisbrot	no	e			Telst ekki óviðeigandi, hefur aðeins flókna merkingu og því verið sýjað frá þegar börn taka þátt í ýmsu máltæknitengdu.		
ríkissaksóknari	no	e			Telst ekki óviðeigandi, hefur aðeins flókna merkingu og því verið sýjað frá þegar börn taka þátt í ýmsu máltæknitengdu.	kk	
safnaðarheimili	no	e			Telst ekki óviðeigandi, hefur aðeins flókna merkingu og því verið sýjað frá þegar börn taka þátt í ýmsu máltæknitengdu.	hk	
sakargiftir	no	e	c		Telst ekki óviðeigandi, hefur aðeins flókna merkingu og því verið sýjað frá þegar börn taka þátt í ýmsu máltæknitengdu.		
sakborningur	no	e	c		Telst ekki óviðeigandi, hefur aðeins flókna merkingu og því verið sýjað frá þegar börn taka þátt í ýmsu máltæknitengdu.		
sakfella	so	e			Telst ekki óviðeigandi, hefur aðeins flókna merkingu og því verið sýjað frá þegar börn taka þátt í ýmsu máltæknitengdu.		
sakfelling	no	e			Telst ekki óviðeigandi, hefur aðeins flókna merkingu og því verið sýjað frá þegar börn taka þátt í ýmsu máltæknitengdu.		
saksækja	so	e			Telst ekki óviðeigandi, hefur aðeins flókna merkingu og því verið sýjað frá þegar börn taka þátt í ýmsu máltæknitengdu.		
samgönguráðherra	no	e			Telst ekki óviðeigandi, hefur aðeins flókna merkingu og því verið sýjað frá þegar börn taka þátt í ýmsu máltæknitengdu.	kk	
samningaviðræður	no	e			Telst ekki óviðeigandi, hefur aðeins flókna merkingu og því verið sýjað frá þegar börn taka þátt í ýmsu máltæknitengdu.	kvk	
samtalsbrot	no	e			Telst ekki óviðeigandi, hefur aðeins flókna merkingu og því verið sýjað frá þegar börn taka þátt í ýmsu máltæknitengdu.		
sannleiksbrot	no	e			Telst ekki óviðeigandi, hefur aðeins flókna merkingu og því verið sýjað frá þegar börn taka þátt í ýmsu máltæknitengdu.		
sektardómur	no	e			Telst ekki óviðeigandi, hefur aðeins flókna merkingu og því verið sýjað frá þegar börn taka þátt í ýmsu máltæknitengdu.		
sérrefsilagabrot	no	e			Telst ekki óviðeigandi, hefur aðeins flókna merkingu og því verið sýjað frá þegar börn taka þátt í ýmsu máltæknitengdu.		
siðabrot	no	e	z		Telst ekki óviðeigandi, hefur aðeins flókna merkingu og því verið sýjað frá þegar börn taka þátt í ýmsu máltæknitengdu.		
siðferðisbrot	no	e			Telst ekki óviðeigandi, hefur aðeins flókna merkingu og því verið sýjað frá þegar börn taka þátt í ýmsu máltæknitengdu.		
sjávarútvegsráðherra	no	e			Telst ekki óviðeigandi, hefur aðeins flókna merkingu og því verið sýjað frá þegar börn taka þátt í ýmsu máltæknitengdu.	kk	
skarkoli	no	e			Telst ekki óviðeigandi, hefur aðeins flókna merkingu og því verið sýjað frá þegar börn taka þátt í ýmsu máltæknitengdu.	kk	
skilorðsbundinn	lo	e			Telst ekki óviðeigandi, hefur aðeins flókna merkingu og því verið sýjað frá þegar börn taka þátt í ýmsu máltæknitengdu.		
skilorðsrof	no	e			Telst ekki óviðeigandi, hefur aðeins flókna merkingu og því verið sýjað frá þegar börn taka þátt í ýmsu máltæknitengdu.		
skjalafals	no	e			Telst ekki óviðeigandi, hefur aðeins flókna merkingu og því verið sýjað frá þegar börn taka þátt í ýmsu máltæknitengdu.		
skjalafalsbrot	no	e			Telst ekki óviðeigandi, hefur aðeins flókna merkingu og því verið sýjað frá þegar börn taka þátt í ýmsu máltæknitengdu.		
skrifstofustjóri	no	e			Telst ekki óviðeigandi, hefur aðeins flókna merkingu og því verið sýjað frá þegar börn taka þátt í ýmsu máltæknitengdu.	kk	
smáglæpur	no	e			Telst ekki óviðeigandi, hefur aðeins flókna merkingu og því verið sýjað frá þegar börn taka þátt í ýmsu máltæknitengdu.		
smáþjófnaður	no	e			Telst ekki óviðeigandi, hefur aðeins flókna merkingu og því verið sýjað frá þegar börn taka þátt í ýmsu máltæknitengdu.		
spillingarákæra	no	e			Telst ekki óviðeigandi, hefur aðeins flókna merkingu og því verið sýjað frá þegar börn taka þátt í ýmsu máltæknitengdu.		
stjórnarandstaða	no	e			Telst ekki óviðeigandi, hefur aðeins flókna merkingu og því verið sýjað frá þegar börn taka þátt í ýmsu máltæknitengdu.	kvk	
stjórnarformaður	no	e			Telst ekki óviðeigandi, hefur aðeins flókna merkingu og því verið sýjað frá þegar börn taka þátt í ýmsu máltæknitengdu.	kk	
stjórnarskrá	no	e			Telst ekki óviðeigandi, hefur aðeins flókna merkingu og því verið sýjað frá þegar börn taka þátt í ýmsu máltæknitengdu.	kvk	
stórafbrot	no	e			Telst ekki óviðeigandi, hefur aðeins flókna merkingu og því verið sýjað frá þegar börn taka þátt í ýmsu máltæknitengdu.		
stórglæpur	no	e			Telst ekki óviðeigandi, hefur aðeins flókna merkingu og því verið sýjað frá þegar börn taka þátt í ýmsu máltæknitengdu.		
stýrivextir	no	e			Telst ekki óviðeigandi, hefur aðeins flókna merkingu og því verið sýjað frá þegar börn taka þátt í ýmsu máltæknitengdu.	kk	
sýknudómur	no	e			Telst ekki óviðeigandi, hefur aðeins flókna merkingu og því verið sýjað frá þegar börn taka þátt í ýmsu máltæknitengdu.		
tékkasvik	no	e			Telst ekki óviðeigandi, hefur aðeins flókna merkingu og því verið sýjað frá þegar börn taka þátt í ýmsu máltæknitengdu.		
tryggingafélag	no	e			Telst ekki óviðeigandi, hefur aðeins flókna merkingu og því verið sýjað frá þegar börn taka þátt í ýmsu máltæknitengdu.	hk	
umboðssvikabrot	no	e			Telst ekki óviðeigandi, hefur aðeins flókna merkingu og því verið sýjað frá þegar börn taka þátt í ýmsu máltæknitengdu.		
umhverfisráðherra	no	e			Telst ekki óviðeigandi, hefur aðeins flókna merkingu og því verið sýjað frá þegar börn taka þátt í ýmsu máltæknitengdu.	kk	
upplýsingafulltrúi	no	e			Telst ekki óviðeigandi, hefur aðeins flókna merkingu og því verið sýjað frá þegar börn taka þátt í ýmsu máltæknitengdu.	kk	
uppnefni	no	e			Telst ekki óviðeigandi, hefur aðeins flókna merkingu og því verið sýjað frá þegar börn taka þátt í ýmsu máltæknitengdu.		
uppreisnarmaður	no	e			Telst ekki óviðeigandi, hefur aðeins flókna merkingu og því verið sýjað frá þegar börn taka þátt í ýmsu máltæknitengdu.	kk	
útmála	so	e			Telst ekki óviðeigandi, hefur aðeins flókna merkingu og því verið sýjað frá þegar börn taka þátt í ýmsu máltæknitengdu.		
valdstjórn	no	e			Telst ekki óviðeigandi, hefur aðeins flókna merkingu og því verið sýjað frá þegar börn taka þátt í ýmsu máltæknitengdu.		
valdstjórnarbrot	no	e			Telst ekki óviðeigandi, hefur aðeins flókna merkingu og því verið sýjað frá þegar börn taka þátt í ýmsu máltæknitengdu.		
varðhaldsúrskurður	no	e			Telst ekki óviðeigandi, hefur aðeins flókna merkingu og því verið sýjað frá þegar börn taka þátt í ýmsu máltæknitengdu.		
verðbólga	no	e			Telst ekki óviðeigandi, hefur aðeins flókna merkingu og því verið sýjað frá þegar börn taka þátt í ýmsu máltæknitengdu.	kvk	
verðtryggður	lo	e			Telst ekki óviðeigandi, hefur aðeins flókna merkingu og því verið sýjað frá þegar börn taka þátt í ýmsu máltæknitengdu.		
verknaður	no	e			Telst ekki óviðeigandi, hefur aðeins flókna merkingu og því verið sýjað frá þegar börn taka þátt í ýmsu máltæknitengdu.		
vinnumarkaður	no	e			Telst ekki óviðeigandi, hefur aðeins flókna merkingu og því verið sýjað frá þegar börn taka þátt í ýmsu máltæknitengdu.	kk	
virðisaukaskattur	no	e			Telst ekki óviðeigandi, hefur aðeins flókna merkingu og því verið sýjað frá þegar börn taka þátt í ýmsu máltæknitengdu.	kk	
yfirlýsing	no	e			Telst ekki óviðeigandi, hefur aðeins flókna merkingu og því verið sýjað frá þegar börn taka þátt í ýmsu máltæknitengdu.	kvk	
þingsályktunartillaga	no	e			Telst ekki óviðeigandi, hefur aðeins flókna merkingu og því verið sýjað frá þegar börn taka þátt í ýmsu máltæknitengdu.	kvk	
þjóðaratkvæðagreiðsla	no	e			Telst ekki óviðeigandi, hefur aðeins flókna merkingu og því verið sýjað frá þegar börn taka þátt í ýmsu máltæknitengdu.	kvk	
þjófnaðarbrot	no	e			Telst ekki óviðeigandi, hefur aðeins flókna merkingu og því verið sýjað frá þegar börn taka þátt í ýmsu máltæknitengdu.		
þröngsýni	no	e			Telst ekki óviðeigandi, hefur aðeins flókna merkingu og því verið sýjað frá þegar börn taka þátt í ýmsu máltæknitengdu.		
þulubrot	no	e			Telst ekki óviðeigandi, hefur aðeins flókna merkingu og því verið sýjað frá þegar börn taka þátt í ýmsu máltæknitengdu.		
þvættisbrot	no	e			Telst ekki óviðeigandi, hefur aðeins flókna merkingu og því verið sýjað frá þegar börn taka þátt í ýmsu máltæknitengdu.		
