n-merkt	orðfl.	kóði	kóði2	merking	Óviðeigandi ástæða	Annað tilfallandi	önnur merking (ekki óviðeigandi)
æsingaseggur	no	n			Nafnorð yfir fólk, neikvæð merking, niðrandi (ekki kynjað, heimsku-/drykkjuorð)		
aflagi	no	n			Nafnorð yfir fólk, neikvæð merking, niðrandi (ekki kynjað, heimsku-/drykkjuorð)		
áflogaseggur	no	n			Nafnorð yfir fólk, neikvæð merking, niðrandi (ekki kynjað, heimsku-/drykkjuorð)		
afturhaldsseggur	no	n			Nafnorð yfir fólk, neikvæð merking, niðrandi (ekki kynjað, heimsku-/drykkjuorð)		
ágangsseggur	no	n			Nafnorð yfir fólk, neikvæð merking, niðrandi (ekki kynjað, heimsku-/drykkjuorð)		
ágengnisseggur	no	n			Nafnorð yfir fólk, neikvæð merking, niðrandi (ekki kynjað, heimsku-/drykkjuorð)		
árásarseggur	no	n			Nafnorð yfir fólk, neikvæð merking, niðrandi (ekki kynjað, heimsku-/drykkjuorð)		
athyglissjúklingur	no	n			Nafnorð yfir fólk, neikvæð merking, niðrandi (ekki kynjað, heimsku-/drykkjuorð)		
atvinnuhommahatari	no	n			Nafnorð yfir fólk, neikvæð merking, niðrandi (ekki kynjað, heimsku-/drykkjuorð)		
aukvisi	no	n			Nafnorð yfir fólk, neikvæð merking, niðrandi (ekki kynjað, heimsku-/drykkjuorð)		
aumingi	no	n		letingi, væskill	Nafnorð yfir fólk, neikvæð merking, niðrandi (ekki kynjað, heimsku-/drykkjuorð)		
baðstofuræfill	no	n			Nafnorð yfir fólk, neikvæð merking, niðrandi (ekki kynjað, heimsku-/drykkjuorð)		
barnaaumingi	no	n			Nafnorð yfir fólk, neikvæð merking, niðrandi (ekki kynjað, heimsku-/drykkjuorð)		
barnahatari	no	n		sá sem hatar börn	Nafnorð yfir fólk, neikvæð merking, niðrandi (ekki kynjað, heimsku-/drykkjuorð)		
barnaníðingur	no	n		manneskja sem sökuð eru um að hafa níðst á börnum	Nafnorð yfir fólk, neikvæð merking, niðrandi (ekki kynjað, heimsku-/drykkjuorð)		
bekkræfill	no	n			Nafnorð yfir fólk, neikvæð merking, niðrandi (ekki kynjað, heimsku-/drykkjuorð)		
beljudjöfull	no	n			Nafnorð yfir fólk, neikvæð merking, niðrandi (ekki kynjað, heimsku-/drykkjuorð)		
beljudjöfull	no	n			Nafnorð yfir fólk, neikvæð merking, niðrandi (ekki kynjað, heimsku-/drykkjuorð)		
besserwisser	no	n			Nafnorð yfir fólk, neikvæð merking, niðrandi (ekki kynjað, heimsku-/drykkjuorð)		
bikkja	no	n			Nafnorð yfir fólk, neikvæð merking, niðrandi (ekki kynjað, heimsku-/drykkjuorð)		
bjánapoppari	no	n			Nafnorð yfir fólk, neikvæð merking, niðrandi (ekki kynjað, heimsku-/drykkjuorð)		
blokkaraaumingi	no	n			Nafnorð yfir fólk, neikvæð merking, niðrandi (ekki kynjað, heimsku-/drykkjuorð)		
bókarræfill	no	n			Nafnorð yfir fólk, neikvæð merking, niðrandi (ekki kynjað, heimsku-/drykkjuorð)		
bóndaræfill	no	n			Nafnorð yfir fólk, neikvæð merking, niðrandi (ekki kynjað, heimsku-/drykkjuorð)		
braggaræfill	no	n			Nafnorð yfir fólk, neikvæð merking, niðrandi (ekki kynjað, heimsku-/drykkjuorð)		
brekánsræfill	no	n			Nafnorð yfir fólk, neikvæð merking, niðrandi (ekki kynjað, heimsku-/drykkjuorð)		
brjálæðingur	no	n			Nafnorð yfir fólk, neikvæð merking, niðrandi (ekki kynjað, heimsku-/drykkjuorð)		
búðarræfill	no	n			Nafnorð yfir fólk, neikvæð merking, niðrandi (ekki kynjað, heimsku-/drykkjuorð)		
bulla	no	n			Nafnorð yfir fólk, neikvæð merking, niðrandi (ekki kynjað, heimsku-/drykkjuorð)		
bullukolla	no	n		sá sem ruglar og bullar 	Nafnorð yfir fólk, neikvæð merking, niðrandi (ekki kynjað, heimsku-/drykkjuorð)		
buxnaræfill	no	n			Nafnorð yfir fólk, neikvæð merking, niðrandi (ekki kynjað, heimsku-/drykkjuorð)		
byssuræfill	no	n			Nafnorð yfir fólk, neikvæð merking, niðrandi (ekki kynjað, heimsku-/drykkjuorð)		
dauðyfli	no	n			Nafnorð yfir fólk, neikvæð merking, niðrandi (ekki kynjað, heimsku-/drykkjuorð)		
dekurdrjóli	no	n 			Nafnorð yfir fólk, neikvæð merking, niðrandi (ekki kynjað, heimsku-/drykkjuorð)		
djammari	no	n		sá sem djammar/skemmtir sér mikið	Nafnorð yfir fólk, neikvæð merking, niðrandi (ekki kynjað, heimsku-/drykkjuorð)		
djöflabarn	no	n			Nafnorð yfir fólk, neikvæð merking, niðrandi (ekki kynjað, heimsku-/drykkjuorð)		
dólgur	no	n			Nafnorð yfir fólk, neikvæð merking, niðrandi (ekki kynjað, heimsku-/drykkjuorð)		
dónakall	no	n	k/kk		Nafnorð yfir fólk, neikvæð merking, niðrandi (ekki kynjað, heimsku-/drykkjuorð)		
dónakarl	no	n	k/kk		Nafnorð yfir fólk, neikvæð merking, niðrandi (ekki kynjað, heimsku-/drykkjuorð)		
dóni	no	n			Nafnorð yfir fólk, neikvæð merking, niðrandi (ekki kynjað, heimsku-/drykkjuorð)		
dreifbýlistútta	no	n			Nafnorð yfir fólk, neikvæð merking, niðrandi (ekki kynjað, heimsku-/drykkjuorð)		
drengdjöfull	no	n			Nafnorð yfir fólk, neikvæð merking, niðrandi (ekki kynjað, heimsku-/drykkjuorð)		
drollari	no	n			Nafnorð yfir fólk, neikvæð merking, niðrandi (ekki kynjað, heimsku-/drykkjuorð)		
dröttur	no	n			Nafnorð yfir fólk, neikvæð merking, niðrandi (ekki kynjað, heimsku-/drykkjuorð)		
Drullusokkur	no	n		niðrandi orð um einstakling	Nafnorð yfir fólk, neikvæð merking, niðrandi (ekki kynjað, heimsku-/drykkjuorð)		x (verkfæri til að losa stíflu)
drusill	no	n		‘mannleysa, kauðamenni’	Nafnorð yfir fólk, neikvæð merking, niðrandi (ekki kynjað, heimsku-/drykkjuorð)		
drýsildjöfull	no	n			Nafnorð yfir fólk, neikvæð merking, niðrandi (ekki kynjað, heimsku-/drykkjuorð)		
drýsildjöfull	no	n			Nafnorð yfir fólk, neikvæð merking, niðrandi (ekki kynjað, heimsku-/drykkjuorð)		
duddi	no	n			Nafnorð yfir fólk, neikvæð merking, niðrandi (ekki kynjað, heimsku-/drykkjuorð)		
durtur	no	n			Nafnorð yfir fólk, neikvæð merking, niðrandi (ekki kynjað, heimsku-/drykkjuorð)		
dusilmenni	no	n			Nafnorð yfir fólk, neikvæð merking, niðrandi (ekki kynjað, heimsku-/drykkjuorð)		
eggjunarfífl	no	n			Nafnorð yfir fólk, neikvæð merking, niðrandi (ekki kynjað, heimsku-/drykkjuorð)		
egóisti	no	n			Nafnorð yfir fólk, neikvæð merking, niðrandi (ekki kynjað, heimsku-/drykkjuorð)		
eiginhagsmunaseggur	no	n			Nafnorð yfir fólk, neikvæð merking, niðrandi (ekki kynjað, heimsku-/drykkjuorð)		
einræðisseggur	no	n			Nafnorð yfir fólk, neikvæð merking, niðrandi (ekki kynjað, heimsku-/drykkjuorð)		
erkidjöfull	no	n			Nafnorð yfir fólk, neikvæð merking, niðrandi (ekki kynjað, heimsku-/drykkjuorð)		
erkidjöfull	no	n			Nafnorð yfir fólk, neikvæð merking, niðrandi (ekki kynjað, heimsku-/drykkjuorð)		
erkiræfill	no	n			Nafnorð yfir fólk, neikvæð merking, niðrandi (ekki kynjað, heimsku-/drykkjuorð)		
eyðsluseggur	no	n			Nafnorð yfir fólk, neikvæð merking, niðrandi (ekki kynjað, heimsku-/drykkjuorð)		
fantur	no	n			Nafnorð yfir fólk, neikvæð merking, niðrandi (ekki kynjað, heimsku-/drykkjuorð)		
fátæklingsræfill	no	n			Nafnorð yfir fólk, neikvæð merking, niðrandi (ekki kynjað, heimsku-/drykkjuorð)		
fauti	no	n	h		Nafnorð yfir fólk, neikvæð merking, niðrandi (ekki kynjað, heimsku-/drykkjuorð)		
flækingsræfill	no	n			Nafnorð yfir fólk, neikvæð merking, niðrandi (ekki kynjað, heimsku-/drykkjuorð)		
flagari	no	n	y		Nafnorð yfir fólk, neikvæð merking, niðrandi (ekki kynjað, heimsku-/drykkjuorð)		
flugdólgur	no	n			Nafnorð yfir fólk, neikvæð merking, niðrandi (ekki kynjað, heimsku-/drykkjuorð)		
förumannsræfill	no	n			Nafnorð yfir fólk, neikvæð merking, niðrandi (ekki kynjað, heimsku-/drykkjuorð)		
frakkaræfill	no	n			Nafnorð yfir fólk, neikvæð merking, niðrandi (ekki kynjað, heimsku-/drykkjuorð)		
frekja	no	n			Nafnorð yfir fólk, neikvæð merking, niðrandi (ekki kynjað, heimsku-/drykkjuorð)		
frekjudós	no	n			Nafnorð yfir fólk, neikvæð merking, niðrandi (ekki kynjað, heimsku-/drykkjuorð)		
frekjudrjóli	no	n			Nafnorð yfir fólk, neikvæð merking, niðrandi (ekki kynjað, heimsku-/drykkjuorð)		
frekjuhundur	no	n			Nafnorð yfir fólk, neikvæð merking, niðrandi (ekki kynjað, heimsku-/drykkjuorð)		
frík	no	n	b		Nafnorð yfir fólk, neikvæð merking, niðrandi (ekki kynjað, heimsku-/drykkjuorð)		
fullkomnunarsinni	no	n			Nafnorð yfir fólk, neikvæð merking, niðrandi (ekki kynjað, heimsku-/drykkjuorð)		
fylgifiskur	no	n			Nafnorð yfir fólk, neikvæð merking, niðrandi (ekki kynjað, heimsku-/drykkjuorð)		
fýlukarl	no	n			Nafnorð yfir fólk, neikvæð merking, niðrandi (ekki kynjað, heimsku-/drykkjuorð)		
fýlupúki	no	n			Nafnorð yfir fólk, neikvæð merking, niðrandi (ekki kynjað, heimsku-/drykkjuorð)		
gerpi	no	n			Nafnorð yfir fólk, neikvæð merking, niðrandi (ekki kynjað, heimsku-/drykkjuorð)		
gimbill	no	n			Nafnorð yfir fólk, neikvæð merking, niðrandi (ekki kynjað, heimsku-/drykkjuorð)		
ginningarfífl	no	n			Nafnorð yfir fólk, neikvæð merking, niðrandi (ekki kynjað, heimsku-/drykkjuorð)		
glæpadólgur	no	n			Nafnorð yfir fólk, neikvæð merking, niðrandi (ekki kynjað, heimsku-/drykkjuorð)		
glæpamaður	no	n			Nafnorð yfir fólk, neikvæð merking, niðrandi (ekki kynjað, heimsku-/drykkjuorð)		
glæpaseggur	no	n			Nafnorð yfir fólk, neikvæð merking, niðrandi (ekki kynjað, heimsku-/drykkjuorð)		
gluggaskraut	no	n 			Nafnorð yfir fólk, neikvæð merking, niðrandi (ekki kynjað, heimsku-/drykkjuorð)		
graðnagli	no	n	y		Nafnorð yfir fólk, neikvæð merking, niðrandi (ekki kynjað, heimsku-/drykkjuorð)		
græðgispúki	no	n 			Nafnorð yfir fólk, neikvæð merking, niðrandi (ekki kynjað, heimsku-/drykkjuorð)		
greddupadda	no	n	y		Nafnorð yfir fólk, neikvæð merking, niðrandi (ekki kynjað, heimsku-/drykkjuorð)		
greddusvín	no	n			Nafnorð yfir fólk, neikvæð merking, niðrandi (ekki kynjað, heimsku-/drykkjuorð)		
grimmdarseggur	no	n			Nafnorð yfir fólk, neikvæð merking, niðrandi (ekki kynjað, heimsku-/drykkjuorð)		
grimmdarseggur	no	n			Nafnorð yfir fólk, neikvæð merking, niðrandi (ekki kynjað, heimsku-/drykkjuorð)		
gufa	no	n 			Nafnorð yfir fólk, neikvæð merking, niðrandi (ekki kynjað, heimsku-/drykkjuorð)		
gunga	no	n			Nafnorð yfir fólk, neikvæð merking, niðrandi (ekki kynjað, heimsku-/drykkjuorð)		
halabarn	no	n			Nafnorð yfir fólk, neikvæð merking, niðrandi (ekki kynjað, heimsku-/drykkjuorð)		
halalalli	no	n			Nafnorð yfir fólk, neikvæð merking, niðrandi (ekki kynjað, heimsku-/drykkjuorð)		
handbendi	no	n			Nafnorð yfir fólk, neikvæð merking, niðrandi (ekki kynjað, heimsku-/drykkjuorð)		
handlangari	no	n			Nafnorð yfir fólk, neikvæð merking, niðrandi (ekki kynjað, heimsku-/drykkjuorð)		
hatari	no	n			Nafnorð yfir fólk, neikvæð merking, niðrandi (ekki kynjað, heimsku-/drykkjuorð)		
hatursmaður	no	n			Nafnorð yfir fólk, neikvæð merking, niðrandi (ekki kynjað, heimsku-/drykkjuorð)		
hávaðaseggur	no	n			Nafnorð yfir fólk, neikvæð merking, niðrandi (ekki kynjað, heimsku-/drykkjuorð)		
hávaðaseggur	no	n			Nafnorð yfir fólk, neikvæð merking, niðrandi (ekki kynjað, heimsku-/drykkjuorð)		
heigull	no	n			Nafnorð yfir fólk, neikvæð merking, niðrandi (ekki kynjað, heimsku-/drykkjuorð)		
heimilisdjöfull	no	n			Nafnorð yfir fólk, neikvæð merking, niðrandi (ekki kynjað, heimsku-/drykkjuorð)		
heimilisdjöfull	no	n			Nafnorð yfir fólk, neikvæð merking, niðrandi (ekki kynjað, heimsku-/drykkjuorð)		
hjónadjöfull	no	n			Nafnorð yfir fólk, neikvæð merking, niðrandi (ekki kynjað, heimsku-/drykkjuorð)		
hommahatari	no	n			Nafnorð yfir fólk, neikvæð merking, niðrandi (ekki kynjað, heimsku-/drykkjuorð)		
hórujagari	no	n			Nafnorð yfir fólk, neikvæð merking, niðrandi (ekki kynjað, heimsku-/drykkjuorð)		
hóruungi	no	n			Nafnorð yfir fólk, neikvæð merking, niðrandi (ekki kynjað, heimsku-/drykkjuorð)		
hræsnari	no	n			Nafnorð yfir fólk, neikvæð merking, niðrandi (ekki kynjað, heimsku-/drykkjuorð)		
hrokagikkur	no	n			Nafnorð yfir fólk, neikvæð merking, niðrandi (ekki kynjað, heimsku-/drykkjuorð)		
hrossabrestur	no	n			Nafnorð yfir fólk, neikvæð merking, niðrandi (ekki kynjað, heimsku-/drykkjuorð)		
hugleysingi	no	n			Nafnorð yfir fólk, neikvæð merking, niðrandi (ekki kynjað, heimsku-/drykkjuorð)		
íhaldsseggur	no	n			Nafnorð yfir fólk, neikvæð merking, niðrandi (ekki kynjað, heimsku-/drykkjuorð)		
illindaseggur	no	n			Nafnorð yfir fólk, neikvæð merking, niðrandi (ekki kynjað, heimsku-/drykkjuorð)		
jálkur	no	n			Nafnorð yfir fólk, neikvæð merking, niðrandi (ekki kynjað, heimsku-/drykkjuorð)		
karlahatari	no	n			Nafnorð yfir fólk, neikvæð merking, niðrandi (ekki kynjað, heimsku-/drykkjuorð)		
karldjöfull	no	n			Nafnorð yfir fólk, neikvæð merking, niðrandi (ekki kynjað, heimsku-/drykkjuorð)		
karldjöfull	no	n			Nafnorð yfir fólk, neikvæð merking, niðrandi (ekki kynjað, heimsku-/drykkjuorð)		
karlrembusvín	no	n	k		Nafnorð yfir fólk, neikvæð merking, niðrandi (ekki kynjað, heimsku-/drykkjuorð)		
kartnaglarson	no	n			Nafnorð yfir fólk, neikvæð merking, niðrandi (ekki kynjað, heimsku-/drykkjuorð)		
kartnaglarsonur	no	n			Nafnorð yfir fólk, neikvæð merking, niðrandi (ekki kynjað, heimsku-/drykkjuorð)		
kauðamenni	no	n			Nafnorð yfir fólk, neikvæð merking, niðrandi (ekki kynjað, heimsku-/drykkjuorð)		
kerfisfræðingur	no	n			Nafnorð yfir fólk, neikvæð merking, niðrandi (ekki kynjað, heimsku-/drykkjuorð)		
kerlingardjöfull	no	n			Nafnorð yfir fólk, neikvæð merking, niðrandi (ekki kynjað, heimsku-/drykkjuorð)		
kjaftaskur	no	n			Nafnorð yfir fólk, neikvæð merking, niðrandi (ekki kynjað, heimsku-/drykkjuorð)		
klækjaseggur	no	n			Nafnorð yfir fólk, neikvæð merking, niðrandi (ekki kynjað, heimsku-/drykkjuorð)		
klámhundur	no	n			Nafnorð yfir fólk, neikvæð merking, niðrandi (ekki kynjað, heimsku-/drykkjuorð)		
kommentari	no	n	e?	sá sem er virkur í athugasemdum	Nafnorð yfir fólk, neikvæð merking, niðrandi (ekki kynjað, heimsku-/drykkjuorð)		
krakkaræfill	no	n			Nafnorð yfir fólk, neikvæð merking, niðrandi (ekki kynjað, heimsku-/drykkjuorð)		
kramaraumingi	no	n			Nafnorð yfir fólk, neikvæð merking, niðrandi (ekki kynjað, heimsku-/drykkjuorð)		
kreddumaður	no	n			Nafnorð yfir fólk, neikvæð merking, niðrandi (ekki kynjað, heimsku-/drykkjuorð)		
kúkalabbi	no	n			Nafnorð yfir fólk, neikvæð merking, niðrandi (ekki kynjað, heimsku-/drykkjuorð)		
kvendjöfull	no	n			Nafnorð yfir fólk, neikvæð merking, niðrandi (ekki kynjað, heimsku-/drykkjuorð)		
kvendjöfull	no	n			Nafnorð yfir fólk, neikvæð merking, niðrandi (ekki kynjað, heimsku-/drykkjuorð)		
kvenhatari	no	n			Nafnorð yfir fólk, neikvæð merking, niðrandi (ekki kynjað, heimsku-/drykkjuorð)		
kynferðisáhald	no	n			Nafnorð yfir fólk, neikvæð merking, niðrandi (ekki kynjað, heimsku-/drykkjuorð)		
kynþáttahatari	no	n			Nafnorð yfir fólk, neikvæð merking, niðrandi (ekki kynjað, heimsku-/drykkjuorð)		
labbakútur	no	n			Nafnorð yfir fólk, neikvæð merking, niðrandi (ekki kynjað, heimsku-/drykkjuorð)		
leiðindapúki	no	n			Nafnorð yfir fólk, neikvæð merking, niðrandi (ekki kynjað, heimsku-/drykkjuorð)		
leiðindaseggur	no	n			Nafnorð yfir fólk, neikvæð merking, niðrandi (ekki kynjað, heimsku-/drykkjuorð)		
leiksoppur	no	n			Nafnorð yfir fólk, neikvæð merking, niðrandi (ekki kynjað, heimsku-/drykkjuorð)		
leiksoppur	no	n			Nafnorð yfir fólk, neikvæð merking, niðrandi (ekki kynjað, heimsku-/drykkjuorð)		
letiblóð	no	n			Nafnorð yfir fólk, neikvæð merking, niðrandi (ekki kynjað, heimsku-/drykkjuorð)		
letingi	no	n			Nafnorð yfir fólk, neikvæð merking, niðrandi (ekki kynjað, heimsku-/drykkjuorð)		
lífstíðaraumingi	no	n			Nafnorð yfir fólk, neikvæð merking, niðrandi (ekki kynjað, heimsku-/drykkjuorð)		
lognhattur	no	n			Nafnorð yfir fólk, neikvæð merking, niðrandi (ekki kynjað, heimsku-/drykkjuorð)		
lubbamenni	no	n			Nafnorð yfir fólk, neikvæð merking, niðrandi (ekki kynjað, heimsku-/drykkjuorð)		
lýðskrumari	no	n			Nafnorð yfir fólk, neikvæð merking, niðrandi (ekki kynjað, heimsku-/drykkjuorð)		
lygamörður	no	n			Nafnorð yfir fólk, neikvæð merking, niðrandi (ekki kynjað, heimsku-/drykkjuorð)		
lygari	no	n			Nafnorð yfir fólk, neikvæð merking, niðrandi (ekki kynjað, heimsku-/drykkjuorð)		
manndjöfull	no	n			Nafnorð yfir fólk, neikvæð merking, niðrandi (ekki kynjað, heimsku-/drykkjuorð)		
manndjöfull	no	n			Nafnorð yfir fólk, neikvæð merking, niðrandi (ekki kynjað, heimsku-/drykkjuorð)		
mannhatari	no	n			Nafnorð yfir fólk, neikvæð merking, niðrandi (ekki kynjað, heimsku-/drykkjuorð)		
mannhundur	no	n			Nafnorð yfir fólk, neikvæð merking, niðrandi (ekki kynjað, heimsku-/drykkjuorð)		
mannkerti	no	n			Nafnorð yfir fólk, neikvæð merking, niðrandi (ekki kynjað, heimsku-/drykkjuorð)		
mannleysa	no	n			Nafnorð yfir fólk, neikvæð merking, niðrandi (ekki kynjað, heimsku-/drykkjuorð)		
melur	no	n		skammaryrði / eyðsluseggur	Nafnorð yfir fólk, neikvæð merking, niðrandi (ekki kynjað, heimsku-/drykkjuorð)		
mikilmennskubrjálæðingur	no	n			Nafnorð yfir fólk, neikvæð merking, niðrandi (ekki kynjað, heimsku-/drykkjuorð)		
minnipokamaður	no	n			Nafnorð yfir fólk, neikvæð merking, niðrandi (ekki kynjað, heimsku-/drykkjuorð)		
misindismaður	no	n			Nafnorð yfir fólk, neikvæð merking, niðrandi (ekki kynjað, heimsku-/drykkjuorð)		
Montrass	no	n		Drambsamur einstaklingur	Nafnorð yfir fólk, neikvæð merking, niðrandi (ekki kynjað, heimsku-/drykkjuorð)		
munaðarseggur	no	n			Nafnorð yfir fólk, neikvæð merking, niðrandi (ekki kynjað, heimsku-/drykkjuorð)		
nafnleysingi	no	n			Nafnorð yfir fólk, neikvæð merking, niðrandi (ekki kynjað, heimsku-/drykkjuorð)		
náriðill	no	n			Nafnorð yfir fólk, neikvæð merking, niðrandi (ekki kynjað, heimsku-/drykkjuorð)		
nauðgunarbrandarakarl	no	n	a		Nafnorð yfir fólk, neikvæð merking, niðrandi (ekki kynjað, heimsku-/drykkjuorð)		
netníðingur	no	n	n		Nafnorð yfir fólk, neikvæð merking, niðrandi (ekki kynjað, heimsku-/drykkjuorð)		
níðingur	no	n			Nafnorð yfir fólk, neikvæð merking, niðrandi (ekki kynjað, heimsku-/drykkjuorð)		
niðurrifsseggur	no	n			Nafnorð yfir fólk, neikvæð merking, niðrandi (ekki kynjað, heimsku-/drykkjuorð)		
nirfill	no	n			Nafnorð yfir fólk, neikvæð merking, niðrandi (ekki kynjað, heimsku-/drykkjuorð)		
nöldurseggur	no	n			Nafnorð yfir fólk, neikvæð merking, niðrandi (ekki kynjað, heimsku-/drykkjuorð)		
nöldurseggur	no	n			Nafnorð yfir fólk, neikvæð merking, niðrandi (ekki kynjað, heimsku-/drykkjuorð)		
nörd	no	n			Nafnorð yfir fólk, neikvæð merking, niðrandi (ekki kynjað, heimsku-/drykkjuorð)		
nördi	no	n			Nafnorð yfir fólk, neikvæð merking, niðrandi (ekki kynjað, heimsku-/drykkjuorð)		
óeirðarseggur	no	n			Nafnorð yfir fólk, neikvæð merking, niðrandi (ekki kynjað, heimsku-/drykkjuorð)		
óeirðaseggur	no	n			Nafnorð yfir fólk, neikvæð merking, niðrandi (ekki kynjað, heimsku-/drykkjuorð)		
ofbeldishrotti	no	n			Nafnorð yfir fólk, neikvæð merking, niðrandi (ekki kynjað, heimsku-/drykkjuorð)		
ofbeldisseggur	no	n			Nafnorð yfir fólk, neikvæð merking, niðrandi (ekki kynjað, heimsku-/drykkjuorð)		
ofbeldisseggur	no	n			Nafnorð yfir fólk, neikvæð merking, niðrandi (ekki kynjað, heimsku-/drykkjuorð)		
ófriðarseggur	no	n			Nafnorð yfir fólk, neikvæð merking, niðrandi (ekki kynjað, heimsku-/drykkjuorð)		
ofríkisseggur	no	n			Nafnorð yfir fólk, neikvæð merking, niðrandi (ekki kynjað, heimsku-/drykkjuorð)		
ofsækjandi	no	n			Nafnorð yfir fólk, neikvæð merking, niðrandi (ekki kynjað, heimsku-/drykkjuorð)		
ofstækismaður	no	n			Nafnorð yfir fólk, neikvæð merking, niðrandi (ekki kynjað, heimsku-/drykkjuorð)		
ofstopaseggur	no	n			Nafnorð yfir fólk, neikvæð merking, niðrandi (ekki kynjað, heimsku-/drykkjuorð)		
öfundarseggur	no	n			Nafnorð yfir fólk, neikvæð merking, niðrandi (ekki kynjað, heimsku-/drykkjuorð)		
ofviti	no	n			Nafnorð yfir fólk, neikvæð merking, niðrandi (ekki kynjað, heimsku-/drykkjuorð)		
óknyttastrákur	no	n			Nafnorð yfir fólk, neikvæð merking, niðrandi (ekki kynjað, heimsku-/drykkjuorð)		
ökufantur	no	n			Nafnorð yfir fólk, neikvæð merking, niðrandi (ekki kynjað, heimsku-/drykkjuorð)		
ólánsræfill	no	n			Nafnorð yfir fólk, neikvæð merking, niðrandi (ekki kynjað, heimsku-/drykkjuorð)		
ólansseggur	no	n			Nafnorð yfir fólk, neikvæð merking, niðrandi (ekki kynjað, heimsku-/drykkjuorð)		
ómagi	no	n	z		Nafnorð yfir fólk, neikvæð merking, niðrandi (ekki kynjað, heimsku-/drykkjuorð)		
ómerkingur	no	n			Nafnorð yfir fólk, neikvæð merking, niðrandi (ekki kynjað, heimsku-/drykkjuorð)		
óróaseggur	no	n			Nafnorð yfir fólk, neikvæð merking, niðrandi (ekki kynjað, heimsku-/drykkjuorð)		
örverpi	no	n			Nafnorð yfir fólk, neikvæð merking, niðrandi (ekki kynjað, heimsku-/drykkjuorð)		
óvættur	no	n			Nafnorð yfir fólk, neikvæð merking, niðrandi (ekki kynjað, heimsku-/drykkjuorð)	kk/kvk	
óviti	no	n			Nafnorð yfir fólk, neikvæð merking, niðrandi (ekki kynjað, heimsku-/drykkjuorð)		
óþokki	no	n			Nafnorð yfir fólk, neikvæð merking, niðrandi (ekki kynjað, heimsku-/drykkjuorð)		
perri	no	n	y		Nafnorð yfir fólk, neikvæð merking, niðrandi (ekki kynjað, heimsku-/drykkjuorð)		
pervert	no	n			Nafnorð yfir fólk, neikvæð merking, niðrandi (ekki kynjað, heimsku-/drykkjuorð)		
pjakkur	no	n			Nafnorð yfir fólk, neikvæð merking, niðrandi (ekki kynjað, heimsku-/drykkjuorð)		
plebbi	no	n			Nafnorð yfir fólk, neikvæð merking, niðrandi (ekki kynjað, heimsku-/drykkjuorð)		
púki	no	n			Nafnorð yfir fólk, neikvæð merking, niðrandi (ekki kynjað, heimsku-/drykkjuorð)		
ráðríkisseggur	no	n			Nafnorð yfir fólk, neikvæð merking, niðrandi (ekki kynjað, heimsku-/drykkjuorð)		
ræfill	no	n			Nafnorð yfir fólk, neikvæð merking, niðrandi (ekki kynjað, heimsku-/drykkjuorð)		
ræfilsaumingi	no	n			Nafnorð yfir fólk, neikvæð merking, niðrandi (ekki kynjað, heimsku-/drykkjuorð)		
rapphundur	no	n			Nafnorð yfir fólk, neikvæð merking, niðrandi (ekki kynjað, heimsku-/drykkjuorð)		
rifrildisseggur	no	n			Nafnorð yfir fólk, neikvæð merking, niðrandi (ekki kynjað, heimsku-/drykkjuorð)		
risaeðla	no	n		manneskja með úrelt sjónarmið	Nafnorð yfir fólk, neikvæð merking, niðrandi (ekki kynjað, heimsku-/drykkjuorð)		
rógberi	no	n			Nafnorð yfir fólk, neikvæð merking, niðrandi (ekki kynjað, heimsku-/drykkjuorð)		
rola	no	n			Nafnorð yfir fólk, neikvæð merking, niðrandi (ekki kynjað, heimsku-/drykkjuorð)		
róstudólgur	no	n			Nafnorð yfir fólk, neikvæð merking, niðrandi (ekki kynjað, heimsku-/drykkjuorð)		
róttæklingur	no	n	i		Nafnorð yfir fólk, neikvæð merking, niðrandi (ekki kynjað, heimsku-/drykkjuorð)		
rugludallur	no	n			Nafnorð yfir fólk, neikvæð merking, niðrandi (ekki kynjað, heimsku-/drykkjuorð)		
ruglukolla	no	n	k		Nafnorð yfir fólk, neikvæð merking, niðrandi (ekki kynjað, heimsku-/drykkjuorð)		
Rúsínurass	no	n		haft um börn	Nafnorð yfir fólk, neikvæð merking, niðrandi (ekki kynjað, heimsku-/drykkjuorð)		
Rúsínurassgat	no	n		haft um börn merking orðsins ekki niðrandi en orðið sjálft er óviðeigandi.	Nafnorð yfir fólk, neikvæð merking, niðrandi (ekki kynjað, heimsku-/drykkjuorð)		
sædjöfull	no	n			Nafnorð yfir fólk, neikvæð merking, niðrandi (ekki kynjað, heimsku-/drykkjuorð)		
sakadólgur	no	n			Nafnorð yfir fólk, neikvæð merking, niðrandi (ekki kynjað, heimsku-/drykkjuorð)		
sakleysingi	no	n			Nafnorð yfir fólk, neikvæð merking, niðrandi (ekki kynjað, heimsku-/drykkjuorð)		
sauður	no	n 			Nafnorð yfir fólk, neikvæð merking, niðrandi (ekki kynjað, heimsku-/drykkjuorð)		
saurlífisseggur	no	n			Nafnorð yfir fólk, neikvæð merking, niðrandi (ekki kynjað, heimsku-/drykkjuorð)		
seiðskratti	no	n			Nafnorð yfir fólk, neikvæð merking, niðrandi (ekki kynjað, heimsku-/drykkjuorð)		
siðleysingi	no	n			Nafnorð yfir fólk, neikvæð merking, niðrandi (ekki kynjað, heimsku-/drykkjuorð)		
silakeppur	no	n		seinlátur maður, letingi	Nafnorð yfir fólk, neikvæð merking, niðrandi (ekki kynjað, heimsku-/drykkjuorð)		
simp	no	n 		ath enska - einfeldingur, flón, maður sem ofmetur konur og tyllir þeim á háan stall	Nafnorð yfir fólk, neikvæð merking, niðrandi (ekki kynjað, heimsku-/drykkjuorð)		
sjálfviti	no	n		Besserwisser	Nafnorð yfir fólk, neikvæð merking, niðrandi (ekki kynjað, heimsku-/drykkjuorð)		
sjomli	no	n	e	ath slangur - komið af 'gamli'	Nafnorð yfir fólk, neikvæð merking, niðrandi (ekki kynjað, heimsku-/drykkjuorð)	ekki niðrandi	
skækjumiðlari	no	n			Nafnorð yfir fólk, neikvæð merking, niðrandi (ekki kynjað, heimsku-/drykkjuorð)		
skarfur	no	n			Nafnorð yfir fólk, neikvæð merking, niðrandi (ekki kynjað, heimsku-/drykkjuorð)		
skemmdarseggur	no	n			Nafnorð yfir fólk, neikvæð merking, niðrandi (ekki kynjað, heimsku-/drykkjuorð)		
skítapési	no	n			Nafnorð yfir fólk, neikvæð merking, niðrandi (ekki kynjað, heimsku-/drykkjuorð)		
skítbuxi	no	n			Nafnorð yfir fólk, neikvæð merking, niðrandi (ekki kynjað, heimsku-/drykkjuorð)		
skíthæll	no	n			Nafnorð yfir fólk, neikvæð merking, niðrandi (ekki kynjað, heimsku-/drykkjuorð)		
skolli	no	n 			Nafnorð yfir fólk, neikvæð merking, niðrandi (ekki kynjað, heimsku-/drykkjuorð)		
skussi	no	n			Nafnorð yfir fólk, neikvæð merking, niðrandi (ekki kynjað, heimsku-/drykkjuorð)		
slæpingi	no	n			Nafnorð yfir fólk, neikvæð merking, niðrandi (ekki kynjað, heimsku-/drykkjuorð)		
slagsmálahundur	no	n			Nafnorð yfir fólk, neikvæð merking, niðrandi (ekki kynjað, heimsku-/drykkjuorð)		
slagsmálaseggur	no	n			Nafnorð yfir fólk, neikvæð merking, niðrandi (ekki kynjað, heimsku-/drykkjuorð)		
smábarn	no	n 		heigul manneskja, eða fullorðinn einstaklingur sem hegðar sér á óþroskaðan hátt	Nafnorð yfir fólk, neikvæð merking, niðrandi (ekki kynjað, heimsku-/drykkjuorð)		
smádjöfull	no	n			Nafnorð yfir fólk, neikvæð merking, niðrandi (ekki kynjað, heimsku-/drykkjuorð)		
smádjöfull	no	n			Nafnorð yfir fólk, neikvæð merking, niðrandi (ekki kynjað, heimsku-/drykkjuorð)		
smáglæpamaður	no	n	z		Nafnorð yfir fólk, neikvæð merking, niðrandi (ekki kynjað, heimsku-/drykkjuorð)		
smámunaseggur	no	n			Nafnorð yfir fólk, neikvæð merking, niðrandi (ekki kynjað, heimsku-/drykkjuorð)		
snáði	no	n			Nafnorð yfir fólk, neikvæð merking, niðrandi (ekki kynjað, heimsku-/drykkjuorð)		
sökudólgur	no	n			Nafnorð yfir fólk, neikvæð merking, niðrandi (ekki kynjað, heimsku-/drykkjuorð)		
stelpudjöfull	no	n			Nafnorð yfir fólk, neikvæð merking, niðrandi (ekki kynjað, heimsku-/drykkjuorð)		
stelpudjöfull	no	n			Nafnorð yfir fólk, neikvæð merking, niðrandi (ekki kynjað, heimsku-/drykkjuorð)		
stelpuræfill	no	n			Nafnorð yfir fólk, neikvæð merking, niðrandi (ekki kynjað, heimsku-/drykkjuorð)		
strákdjöfull	no	n			Nafnorð yfir fólk, neikvæð merking, niðrandi (ekki kynjað, heimsku-/drykkjuorð)		
strákdjöfull	no	n			Nafnorð yfir fólk, neikvæð merking, niðrandi (ekki kynjað, heimsku-/drykkjuorð)		
strákskratti	no	n			Nafnorð yfir fólk, neikvæð merking, niðrandi (ekki kynjað, heimsku-/drykkjuorð)		
stríðsæsingaseggur	no	n			Nafnorð yfir fólk, neikvæð merking, niðrandi (ekki kynjað, heimsku-/drykkjuorð)		
styrjaldarseggur	no	n			Nafnorð yfir fólk, neikvæð merking, niðrandi (ekki kynjað, heimsku-/drykkjuorð)		
sveitavargur	no	n		manneskja sem býr á landsbyggðinni	Nafnorð yfir fólk, neikvæð merking, niðrandi (ekki kynjað, heimsku-/drykkjuorð)		
svikari	no	n			Nafnorð yfir fólk, neikvæð merking, niðrandi (ekki kynjað, heimsku-/drykkjuorð)		
svindlari	no	n 		 	Nafnorð yfir fólk, neikvæð merking, niðrandi (ekki kynjað, heimsku-/drykkjuorð)		
tepra	no	n	k		Nafnorð yfir fólk, neikvæð merking, niðrandi (ekki kynjað, heimsku-/drykkjuorð)		
timburdólgur	no	n			Nafnorð yfir fólk, neikvæð merking, niðrandi (ekki kynjað, heimsku-/drykkjuorð)		
trúleysingi	no	n	t		Nafnorð yfir fólk, neikvæð merking, niðrandi (ekki kynjað, heimsku-/drykkjuorð)		
trúníðingur	no	n			Nafnorð yfir fólk, neikvæð merking, niðrandi (ekki kynjað, heimsku-/drykkjuorð)		
trunta	no	n			Nafnorð yfir fólk, neikvæð merking, niðrandi (ekki kynjað, heimsku-/drykkjuorð)		
tukthúslimur	no	n			Nafnorð yfir fólk, neikvæð merking, niðrandi (ekki kynjað, heimsku-/drykkjuorð)		
tuska	no	n			Nafnorð yfir fólk, neikvæð merking, niðrandi (ekki kynjað, heimsku-/drykkjuorð)		
undanvillingur	no	n			Nafnorð yfir fólk, neikvæð merking, niðrandi (ekki kynjað, heimsku-/drykkjuorð)		
útburðarungi	no	n			Nafnorð yfir fólk, neikvæð merking, niðrandi (ekki kynjað, heimsku-/drykkjuorð)		
útlendingahatari	no	n			Nafnorð yfir fólk, neikvæð merking, niðrandi (ekki kynjað, heimsku-/drykkjuorð)		
útúrlífsaumingi	no	n			Nafnorð yfir fólk, neikvæð merking, niðrandi (ekki kynjað, heimsku-/drykkjuorð)		
vælukjói	no	n			Nafnorð yfir fólk, neikvæð merking, niðrandi (ekki kynjað, heimsku-/drykkjuorð)		
valdaseggur	no	n			Nafnorð yfir fólk, neikvæð merking, niðrandi (ekki kynjað, heimsku-/drykkjuorð)		
valdníðingur	no	n			Nafnorð yfir fólk, neikvæð merking, niðrandi (ekki kynjað, heimsku-/drykkjuorð)		
vandræðaseggur	no	n			Nafnorð yfir fólk, neikvæð merking, niðrandi (ekki kynjað, heimsku-/drykkjuorð)		
vantrúarseggur	no	n			Nafnorð yfir fólk, neikvæð merking, niðrandi (ekki kynjað, heimsku-/drykkjuorð)		
vesaldaraumingi	no	n			Nafnorð yfir fólk, neikvæð merking, niðrandi (ekki kynjað, heimsku-/drykkjuorð)		
vesalingur	no	n			Nafnorð yfir fólk, neikvæð merking, niðrandi (ekki kynjað, heimsku-/drykkjuorð)		
villingur	no	n			Nafnorð yfir fólk, neikvæð merking, niðrandi (ekki kynjað, heimsku-/drykkjuorð)		
yfirgangsseggur	no	n			Nafnorð yfir fólk, neikvæð merking, niðrandi (ekki kynjað, heimsku-/drykkjuorð)		
yfirgangsseggur	no	n			Nafnorð yfir fólk, neikvæð merking, niðrandi (ekki kynjað, heimsku-/drykkjuorð)		
þorpshálfviti	no	n 			Nafnorð yfir fólk, neikvæð merking, niðrandi (ekki kynjað, heimsku-/drykkjuorð)		
þrætudólgur	no	n			Nafnorð yfir fólk, neikvæð merking, niðrandi (ekki kynjað, heimsku-/drykkjuorð)		
þráhyggjumaður	no	n			Nafnorð yfir fólk, neikvæð merking, niðrandi (ekki kynjað, heimsku-/drykkjuorð)		
þrjóskupúki	no	n			Nafnorð yfir fólk, neikvæð merking, niðrandi (ekki kynjað, heimsku-/drykkjuorð)		
þverúðarseggur	no	n			Nafnorð yfir fólk, neikvæð merking, niðrandi (ekki kynjað, heimsku-/drykkjuorð)		
