u-merkt	orðfl.	kóði	kóði2	merking	Óviðeigandi ástæða	Annað tilfallandi	önnur merking (ekki óviðeigandi)
ælingi	no	u	k/kk	ógerðarlegur maður; horgemlingur, vesældarleg skepna	Niðrandi orð um manneskju, dregur fram neikvæða eiginleika í útliti.	Útlit: vesældarlegur karlmaður, væskill	
afarljótur	lo	u			Niðrandi orð um manneskju, dregur fram neikvæða eiginleika í útliti.		
afdæmingur	no	u	k/kvk	feit kona	Niðrandi orð um manneskju, dregur fram neikvæða eiginleika í útliti.	Vaxtarlag: Gildvaxin kona	
afhrapi	no	u	k/kk	örvasa maður, vesalingur	Niðrandi orð um manneskju, dregur fram neikvæða eiginleika í útliti.	Útlit: vesældarlegur karlmaður, væskill	
afskræmi	no	u			Niðrandi orð um manneskju, dregur fram neikvæða eiginleika í útliti.		
afskræmislegur	lo	u			Niðrandi orð um manneskju, dregur fram neikvæða eiginleika í útliti.		
afturkreistingur	no	u	k/kk	vanþroska dýr eða maður	Niðrandi orð um manneskju, dregur fram neikvæða eiginleika í útliti.	Útlit: vesældarlegur karlmaður, væskill	
agði	no	u	k/kk	sóði, druslulegur maður	Niðrandi orð um manneskju, dregur fram neikvæða eiginleika í útliti.	Útlit: Sóðalegur karlmaður	
angilji	no	u	k/kk	langur og krangalegur maður	Niðrandi orð um manneskju, dregur fram neikvæða eiginleika í útliti.	Vaxtarlag: Hávaxinn grannur karlmaður	
argintæta	no	u	k/kvk	drusluleg og önug kona	Niðrandi orð um manneskju, dregur fram neikvæða eiginleika í útliti.	Útlit: Illa útlítandi kona	
arlaki	no	u	k/kk	vesæll maður og kraftlítill; vanmetaskepna	Niðrandi orð um manneskju, dregur fram neikvæða eiginleika í útliti.	Útlit: vesældarlegur karlmaður, væskill	
árlaki	no	u	k/kk	vesæll maður og kraftlítill; vanmetaskepna	Niðrandi orð um manneskju, dregur fram neikvæða eiginleika í útliti.	Útlit: vesældarlegur karlmaður, væskill	
atstyrmi	no	u	k/kk	aumingi, afturkreistingur	Niðrandi orð um manneskju, dregur fram neikvæða eiginleika í útliti.	Útlit: vesældarlegur karlmaður, væskill	
aukvisi	no	u	k/kk	aumingi, örkvisi, væskill	Niðrandi orð um manneskju, dregur fram neikvæða eiginleika í útliti.	Útlit: vesældarlegur karlmaður, væskill	
balbamba	no	u	k/kvk	gildvaxin kona	Niðrandi orð um manneskju, dregur fram neikvæða eiginleika í útliti.	Vaxtarlag: Gildvaxin kona	
balbumba	no	u	k/kvk	gildvaxin kona	Niðrandi orð um manneskju, dregur fram neikvæða eiginleika í útliti.	Vaxtarlag: Gildvaxin kona	
beinasleggja	no	u	k/kvk	stórvaxin og beinaber kona (eða skepna)	Niðrandi orð um manneskju, dregur fram neikvæða eiginleika í útliti.	Vaxtarlag: Stórvaxin kona	
belja	no	u	k/kvk	hlussa, dyrgja	Niðrandi orð um manneskju, dregur fram neikvæða eiginleika í útliti.	Vaxtarlag: Gildvaxin kona	x (kýr)
beljaki	no	u	k/kk	maður mikill vexti, stór og stirðbusalegur maður, raumur, rumur	Niðrandi orð um manneskju, dregur fram neikvæða eiginleika í útliti.	Vaxtarlag: Stórvaxinn karlmaður	
beysinn	lo	u			Niðrandi orð um manneskju, dregur fram neikvæða eiginleika í útliti.		
biða	no	u	k/kvk	jafnbola kvenmaður : uppmjótt kerald	Niðrandi orð um manneskju, dregur fram neikvæða eiginleika í útliti.	Vaxtarlag: Gildvaxin kona	x (uppmjótt kerald)
bjálfi	no	u	k/kk	vesalingur, vesalmenni, heilsuleysingi	Niðrandi orð um manneskju, dregur fram neikvæða eiginleika í útliti.	Útlit: vesældarlegur karlmaður, væskill	
boddí	no	u	k/kvk	bústinn kvenmaður	Niðrandi orð um manneskju, dregur fram neikvæða eiginleika í útliti.	Vaxtarlag: Gildvaxin kona	
bokki	no	u	k/kk	stór fyrirferðarmikill maður	Niðrandi orð um manneskju, dregur fram neikvæða eiginleika í útliti.	Vaxtarlag: Stórvaxinn karlmaður	
boldang	no	u	k/kvk	stór og fyrirferðarmikil kona, dugnaðarkvendi	Niðrandi orð um manneskju, dregur fram neikvæða eiginleika í útliti.	Vaxtarlag: Stórvaxin kona	
boljaki	no	u	k/kk	maður mikill vexti, stór og stirðbusalegur maður, raumur, rumur	Niðrandi orð um manneskju, dregur fram neikvæða eiginleika í útliti.	Vaxtarlag: Stórvaxinn karlmaður	
Bolla	no	u			Niðrandi orð um manneskju, dregur fram neikvæða eiginleika í útliti.		
breddi	no	u	k/kk	grófgerður stór maður	Niðrandi orð um manneskju, dregur fram neikvæða eiginleika í útliti.	Vaxtarlag: Stórvaxinn karlmaður	
brigg	no	u	k/kvk	stór og gangmikil kona	Niðrandi orð um manneskju, dregur fram neikvæða eiginleika í útliti.	Vaxtarlag: Stórvaxin kona	
brikk	no	u	k/kvk	fyrirferðarmikill, gildvaxinn kvenmaður	Niðrandi orð um manneskju, dregur fram neikvæða eiginleika í útliti.	Vaxtarlag: Gildvaxin kona	
brikk	no	u	k/kvk	stór og gangmikil kona	Niðrandi orð um manneskju, dregur fram neikvæða eiginleika í útliti.	Vaxtarlag: Stórvaxin kona	
brikki	no	u	k/kvk	fyrirferðarmikill, gildvaxinn kvenmaður	Niðrandi orð um manneskju, dregur fram neikvæða eiginleika í útliti.	Vaxtarlag: Gildvaxin kona	
bruði	no	u	k/kk	stór og grófgerður maður	Niðrandi orð um manneskju, dregur fram neikvæða eiginleika í útliti.	Vaxtarlag: Stórvaxinn karlmaður	
brussa	no	u	k/kvk	sver og skessuleg kona	Niðrandi orð um manneskju, dregur fram neikvæða eiginleika í útliti.	Vaxtarlag: Stórvaxin kona	
bryðja	no	u	k/kvk	digur kona, 'drumbur eða stór hlutur'	Niðrandi orð um manneskju, dregur fram neikvæða eiginleika í útliti.	Vaxtarlag: Gildvaxin kona	x ( drumbur/stór hlutur)
bumba	no	u			Niðrandi orð um manneskju, dregur fram neikvæða eiginleika í útliti.		x (líkamspartur, magi)
bumbla	no	u	k/kvk	feit kona	Niðrandi orð um manneskju, dregur fram neikvæða eiginleika í útliti.	Vaxtarlag: Gildvaxin kona	
busilkinna	no	u			Niðrandi orð um manneskju, dregur fram neikvæða eiginleika í útliti.		
busla	no	u	k/kvk	sóðaleg kona, subba	Niðrandi orð um manneskju, dregur fram neikvæða eiginleika í útliti.	Útlit: Sóðaleg kona	x (að busla, svamla)
bústinn	lo	u			Niðrandi orð um manneskju, dregur fram neikvæða eiginleika í útliti.		
bytta	no	u	k/kvk	stutt og digur kona	Niðrandi orð um manneskju, dregur fram neikvæða eiginleika í útliti.	Vaxtarlag: Gildvaxin kona	
dasi	no	u	k/kk	þunglamalegur og seinlátur maður	Niðrandi orð um manneskju, dregur fram neikvæða eiginleika í útliti.	Vaxtarlag: Stirðbusalegur karlmaður	
dasi	no	u	k/kk	sóði 	Niðrandi orð um manneskju, dregur fram neikvæða eiginleika í útliti.	Útlit: Sóðalegur karlmaður	
deli	no	u	k/kk	stór, klunnalegur maður; stuttur og digur hákarl	Niðrandi orð um manneskju, dregur fram neikvæða eiginleika í útliti.	Vaxtarlag: Stórvaxinn karlmaður	
digga	no	u	k/kvk	feit stelpa	Niðrandi orð um manneskju, dregur fram neikvæða eiginleika í útliti.	Vaxtarlag: Gildvaxin kona	
dólgur	no	u	k/kk	digur, klunnalegur og illilegur maður	Niðrandi orð um manneskju, dregur fram neikvæða eiginleika í útliti.		
dólpungur	 n	u	k/kk	stór, digur maður eða dýr	Niðrandi orð um manneskju, dregur fram neikvæða eiginleika í útliti.	Vaxtarlag: Stórvaxinn karlmaður	
dólpur	no	u	k/kk	digur maður eða dýr, fitukeppur	Niðrandi orð um manneskju, dregur fram neikvæða eiginleika í útliti.	Vaxtarlag: Gildvaxinn karlmaður	
drabba	no	u	k/kvk	sóðafengin kona	Niðrandi orð um manneskju, dregur fram neikvæða eiginleika í útliti.	Útlit: Sóðaleg kona	
drægja	no	u	k/kvk	drusluleg kona; vesaldarskepna	Niðrandi orð um manneskju, dregur fram neikvæða eiginleika í útliti.	Útlit: Illa útlítandi kona	
drægsli	no	u	k/kvk	subbuleg kona; dróg, bikkja	Niðrandi orð um manneskju, dregur fram neikvæða eiginleika í útliti.	Útlit: Sóðaleg kona	
dræsa	no	u	k/kvk	subbukvendi	Niðrandi orð um manneskju, dregur fram neikvæða eiginleika í útliti.	Útlit: Sóðaleg kona	
drattrass	no	u	k/kk	þunglamalegur og seinfær maður	Niðrandi orð um manneskju, dregur fram neikvæða eiginleika í útliti.	Vaxtarlag: Stirðbusalegur karlmaður	
drellir	no	u			Niðrandi orð um manneskju, dregur fram neikvæða eiginleika í útliti.		
drjóli	no	u	k/kk	stór og sterkur maður	Niðrandi orð um manneskju, dregur fram neikvæða eiginleika í útliti.	Vaxtarlag: Stórvaxinn karlmaður	
drösulmenni	no	u	k/kk	sóði, slóði	Niðrandi orð um manneskju, dregur fram neikvæða eiginleika í útliti.	Útlit: Sóðalegur karlmaður	
drubba	no	u	k/kvk	sóðakvendi	Niðrandi orð um manneskju, dregur fram neikvæða eiginleika í útliti.	Útlit: Sóðaleg kona	
drumbahlussa	no	u	k/kvk	stór og fyrirferðarmikil kona (eða skepna)	Niðrandi orð um manneskju, dregur fram neikvæða eiginleika í útliti.	Vaxtarlag: Stórvaxin kona	
drundi	no	u			Niðrandi orð um manneskju, dregur fram neikvæða eiginleika í útliti.		
drundurhjassi	no	u	k/kk	lítill, stuttur, silalegur maður	Niðrandi orð um manneskju, dregur fram neikvæða eiginleika í útliti.	Vaxtarlag: Lágvaxinn, kubbslegur karlmaður	
drusla	no	u	k/kvk	sóðafengin og lítilsgild kona	Niðrandi orð um manneskju, dregur fram neikvæða eiginleika í útliti.	Útlit: Sóðaleg kona	x( léleg flík)
druslubaggi	no	u	k/kk	ræfilslegur maður eða skepna	Niðrandi orð um manneskju, dregur fram neikvæða eiginleika í útliti.	Útlit: Sóðalegur karlmaður	
druslubusla	no	u	k/kvk	illa klædd og drusluleg kona	Niðrandi orð um manneskju, dregur fram neikvæða eiginleika í útliti.	Útlit: Illa útlítandi kona	
drussi	no	u			Niðrandi orð um manneskju, dregur fram neikvæða eiginleika í útliti.		
drymbini	no	u	k/kvk	digur kona, 'drumbur eða stór hlutur'	Niðrandi orð um manneskju, dregur fram neikvæða eiginleika í útliti.	Vaxtarlag: Gildvaxin kona	x (drumbur /stór hlutur)
dubba	no	u	k/kvk	subbulegur kvenmaður	Niðrandi orð um manneskju, dregur fram neikvæða eiginleika í útliti.	Útlit: Sóðaleg kona	
durgur	no	u			Niðrandi orð um manneskju, dregur fram neikvæða eiginleika í útliti.		
durtur	no	u			Niðrandi orð um manneskju, dregur fram neikvæða eiginleika í útliti.		
dvergur	no	u			Niðrandi orð um manneskju, dregur fram neikvæða eiginleika í útliti.		
dyrgja	no	u	k/kvk	digur, durgsleg kona	Niðrandi orð um manneskju, dregur fram neikvæða eiginleika í útliti.	Vaxtarlag: Gildvaxin kona	
eflingur	no	u	k/kk	stór og sterkur maður	Niðrandi orð um manneskju, dregur fram neikvæða eiginleika í útliti.	Vaxtarlag: Stórvaxinn karlmaður	
eksnikerling	no	u	k/kvk	stórvaxin kona og skörungur	Niðrandi orð um manneskju, dregur fram neikvæða eiginleika í útliti.	Vaxtarlag: Stórvaxin kona	
Feitabolla	no	u			Niðrandi orð um manneskju, dregur fram neikvæða eiginleika í útliti.		
ferlíki	no	u			Niðrandi orð um manneskju, dregur fram neikvæða eiginleika í útliti.		
Fitubolla	no	u			Niðrandi orð um manneskju, dregur fram neikvæða eiginleika í útliti.		
fitubolti	no	u	k/kk	digur maður	Niðrandi orð um manneskju, dregur fram neikvæða eiginleika í útliti.	Vaxtarlag: Gildvaxinn karlmaður	
Fituhlunkur	no	u			Niðrandi orð um manneskju, dregur fram neikvæða eiginleika í útliti.		
fitukeppur	no	u	k/kk	digur maður	Niðrandi orð um manneskju, dregur fram neikvæða eiginleika í útliti.	Vaxtarlag: Gildvaxinn karlmaður	
flegða	no	u	k/kvk	skessa	Niðrandi orð um manneskju, dregur fram neikvæða eiginleika í útliti.	Vaxtarlag: Stórvaxin kona	
flenja	no	u	k/kvk	stór skata	Niðrandi orð um manneskju, dregur fram neikvæða eiginleika í útliti.	Vaxtarlag: Stórvaxin kona	
flókatrissa	no	u	k/kvk	hirðuleysisleg, úfin stelpa	Niðrandi orð um manneskju, dregur fram neikvæða eiginleika í útliti.	Útlit: Illa útlítandi kona	
gægsni	no	u	k/kvk	horuð og veikluleg kona	Niðrandi orð um manneskju, dregur fram neikvæða eiginleika í útliti.	Vaxtarlag: Mögur kona	
garnaflækja	no	u	k/kk	langur og rengulvaxinn maður	Niðrandi orð um manneskju, dregur fram neikvæða eiginleika í útliti.	Vaxtarlag: Hávaxinn grannur karlmaður	
gaur	no	u	k/kk	langur sláni	Niðrandi orð um manneskju, dregur fram neikvæða eiginleika í útliti.	Vaxtarlag: Hávaxinn grannur karlmaður	"x (stöng, stólpi, ólögulegur og rifinn staur, maðksmoginn rekadrumbur, digur og langur nagli, gróf (og vond) nál)"
gelgja	no	u	k/kvk	mögur, mjóvaxin og veikluleg kona	Niðrandi orð um manneskju, dregur fram neikvæða eiginleika í útliti.	Vaxtarlag: Mögur kona	
genja	no	u	k/kvk	stór hrikaleg kona, stór skepna	Niðrandi orð um manneskju, dregur fram neikvæða eiginleika í útliti.	Vaxtarlag: Stórvaxin kona	
genta	no	u	k/kvk	stór, brussuleg og framhleypin kona, stór skepna/lúða	Niðrandi orð um manneskju, dregur fram neikvæða eiginleika í útliti.	Vaxtarlag: Stórvaxin kona	
gepill	no	u	k/kk	lítilfjörleg persóna	Niðrandi orð um manneskju, dregur fram neikvæða eiginleika í útliti.	Útlit: vesældarlegur karlmaður, væskill	
gjússa	no	u	k/kvk	feit og hlussuleg kona	Niðrandi orð um manneskju, dregur fram neikvæða eiginleika í útliti.	Vaxtarlag: Gildvaxin kona	
glænapi	no	u	k/kk	maður sem klæðir sig illa gegn kulda	Niðrandi orð um manneskju, dregur fram neikvæða eiginleika í útliti.	Útlit: Illa klæddur karlmaður, illa útlítandi karl	
göðull	no	u	k/kk	jarðvöðull	Niðrandi orð um manneskju, dregur fram neikvæða eiginleika í útliti.	Útlit: Sóðalegur karlmaður	
golur	no	u	k/kk	slánalegur strákur	Niðrandi orð um manneskju, dregur fram neikvæða eiginleika í útliti.	Vaxtarlag: Hávaxinn grannur karlmaður	
göndull	no	u	k/kk	jarðvöðull	Niðrandi orð um manneskju, dregur fram neikvæða eiginleika í útliti.	Útlit: Sóðalegur karlmaður	
gonna	no	u	k/kvk	feit kona og þunglamaleg	Niðrandi orð um manneskju, dregur fram neikvæða eiginleika í útliti.	Vaxtarlag: Gildvaxin kona	
gráslemba	no	u	k/kvk	óþrifin stúlka	Niðrandi orð um manneskju, dregur fram neikvæða eiginleika í útliti.	Útlit: Sóðaleg kona	
grennla	no	u	k/kvk	grannvaxin kona	Niðrandi orð um manneskju, dregur fram neikvæða eiginleika í útliti.	Vaxtarlag: Mögur kona	
greppatrýni	no	u			Niðrandi orð um manneskju, dregur fram neikvæða eiginleika í útliti.		
grís	no	u	k/kk	óþrifinn maður	Niðrandi orð um manneskju, dregur fram neikvæða eiginleika í útliti.	Útlit: Sóðalegur karlmaður	x (dýr)
grubba	no	u	k/kvk	sóðaleg kona	Niðrandi orð um manneskju, dregur fram neikvæða eiginleika í útliti.	Útlit: Sóðaleg kona	
haulpjanki	no	u	k/kk	gildvaxinn, feitur maður	Niðrandi orð um manneskju, dregur fram neikvæða eiginleika í útliti.	Vaxtarlag: Gildvaxinn karlmaður	
hengilmæna	no	u	k/kk	mjór og slyttislegur maður eða skepna	Niðrandi orð um manneskju, dregur fram neikvæða eiginleika í útliti.	Vaxtarlag: Magur karlmaður	
hengsli	no	u	k/kk	langur og linlegur maður	Niðrandi orð um manneskju, dregur fram neikvæða eiginleika í útliti.	Vaxtarlag: Hávaxinn grannur karlmaður	
herfa	no	u			Niðrandi orð um manneskju, dregur fram neikvæða eiginleika í útliti.		
himnalykkja	no	u	k/kk	mjór maður	Niðrandi orð um manneskju, dregur fram neikvæða eiginleika í útliti.	Vaxtarlag: Magur karlmaður	
himnastigi	no	u	k/kk	mjög hávaxinn maður	Niðrandi orð um manneskju, dregur fram neikvæða eiginleika í útliti.	Vaxtarlag: Hávaxinn grannur karlmaður	x
hismi	no	u	k/kk	vesældarlegur maður	Niðrandi orð um manneskju, dregur fram neikvæða eiginleika í útliti.	Útlit: vesældarlegur karlmaður, væskill	x (fræhirsla)
hjassi	no	u	k/kk	stirðbusi, þungfær maður; þyngslalegt dýr	Niðrandi orð um manneskju, dregur fram neikvæða eiginleika í útliti.	Vaxtarlag: Stirðbusalegur karlmaður	
hlass	no	u	k/kvk	feitur kvemnaður	Niðrandi orð um manneskju, dregur fram neikvæða eiginleika í útliti.	Vaxtarlag: Gildvaxin kona	
Hlunkur	no	u			Niðrandi orð um manneskju, dregur fram neikvæða eiginleika í útliti.		
hlunkur	no	u	k/kk	stirðbusi, óskemmtileg persóna	Niðrandi orð um manneskju, dregur fram neikvæða eiginleika í útliti.		
hlussa	no	u	k/kvk	feit og stórvaxin kona, dyrgja	Niðrandi orð um manneskju, dregur fram neikvæða eiginleika í útliti.	Vaxtarlag: Gildvaxin kona	
hlussa	no	u	k/kvk	feit og stórvaxin kona, dyrgja	Niðrandi orð um manneskju, dregur fram neikvæða eiginleika í útliti.	Vaxtarlag: Stórvaxin kona	
Horaður	lo	u			Niðrandi orð um manneskju, dregur fram neikvæða eiginleika í útliti.		
hordálkur	no	u	k/kk	grindhoraður maður eða skepna	Niðrandi orð um manneskju, dregur fram neikvæða eiginleika í útliti.	Vaxtarlag: Magur karlmaður	
Horrengla	no	u			Niðrandi orð um manneskju, dregur fram neikvæða eiginleika í útliti.		
hrognpusa	no	u	k/kvk	lítið þrifin kona	Niðrandi orð um manneskju, dregur fram neikvæða eiginleika í útliti.	Útlit: Sóðaleg kona	
hrókur	no	u	k/kk	langur sláni klunni	Niðrandi orð um manneskju, dregur fram neikvæða eiginleika í útliti.	Vaxtarlag: Hávaxinn grannur karlmaður	x ( taflmaður)
hrösulkarl	no	u	k/kk	sóðalegur maður	Niðrandi orð um manneskju, dregur fram neikvæða eiginleika í útliti.	Útlit: Sóðalegur karlmaður	
hrotti	no	u	k/kk	stór, klunnalega vaxinn maður	Niðrandi orð um manneskju, dregur fram neikvæða eiginleika í útliti.	Vaxtarlag: Stórvaxinn karlmaður	
hulpjanki	no	u	k/kk	gildvaxinn, feitur maður	Niðrandi orð um manneskju, dregur fram neikvæða eiginleika í útliti.	Vaxtarlag: Gildvaxinn karlmaður	
hyrja	no	u	k/kvk	grófgerð klunnaleg kona	Niðrandi orð um manneskju, dregur fram neikvæða eiginleika í útliti.	Vaxtarlag: Gildvaxin kona	
ístrubelgur	no	u	k/kk	kúluvambi, keismagi, maður með ístru	Niðrandi orð um manneskju, dregur fram neikvæða eiginleika í útliti.	Vaxtarlag: Gildvaxinn karlmaður	
jarðvöðull	no	u	k/kk	sóði í vinnubrögðum og umgengni	Niðrandi orð um manneskju, dregur fram neikvæða eiginleika í útliti.	Útlit: Sóðalegur karlmaður	
jasi	no	u	k/kk	beljaki, stór og þrekinn maður	Niðrandi orð um manneskju, dregur fram neikvæða eiginleika í útliti.	Vaxtarlag: Stórvaxinn karlmaður	
júbba	no	u	k/kvk	feitlagin og lausholda kona	Niðrandi orð um manneskju, dregur fram neikvæða eiginleika í útliti.	Vaxtarlag: Gildvaxin kona	
júði	no	u	k/kk	larfalúði	Niðrandi orð um manneskju, dregur fram neikvæða eiginleika í útliti.	Útlit: Illa klæddur karlmaður, illa útlítandi karl	
júferta	no	u	k/kvk	digur kona; 'seglskúta'	Niðrandi orð um manneskju, dregur fram neikvæða eiginleika í útliti.	Vaxtarlag: Gildvaxin kona	x (seglskúta)
jukka	no	u	k/kvk	feit kona, 'löt meri'	Niðrandi orð um manneskju, dregur fram neikvæða eiginleika í útliti.	Vaxtarlag: Gildvaxin kona	
jússa	no	u	k/kvk	feit og klessuleg kona	Niðrandi orð um manneskju, dregur fram neikvæða eiginleika í útliti.	Vaxtarlag: Gildvaxin kona	
jussulegur	lo	u			Niðrandi orð um manneskju, dregur fram neikvæða eiginleika í útliti.		
jússulegur	lo	u			Niðrandi orð um manneskju, dregur fram neikvæða eiginleika í útliti.		
jútur	no	u	k/kk	stór og sver maður eða skepna	Niðrandi orð um manneskju, dregur fram neikvæða eiginleika í útliti.	Vaxtarlag: Stórvaxinn karlmaður	
karlhlunkur	no	u	k/kk	stirðbusi, óskemmtileg persóna	Niðrandi orð um manneskju, dregur fram neikvæða eiginleika í útliti.	Vaxtarlag: Stirðbusalegur karlmaður	
keismagi	no	u	k/kk	maður með ístru	Niðrandi orð um manneskju, dregur fram neikvæða eiginleika í útliti.	Vaxtarlag: Gildvaxinn karlmaður	
keppur	no	u			Niðrandi orð um manneskju, dregur fram neikvæða eiginleika í útliti.		
kjabbi	no	u	k/kk	lágvaxinn digur maður, hjassi	Niðrandi orð um manneskju, dregur fram neikvæða eiginleika í útliti.	Vaxtarlag: Lágvaxinn, kubbslegur karlmaður	
kjóabringa	no	u	k/kk	maður með hvítt um hálsinn og glænepjulega búinn	Niðrandi orð um manneskju, dregur fram neikvæða eiginleika í útliti.	Útlit: Illa klæddur karlmaður, illa útlítandi karl	
kjúklingur	no	u	k/kk	lítill og vesæll maður	Niðrandi orð um manneskju, dregur fram neikvæða eiginleika í útliti.	Vaxtarlag: Lágvaxinn, kubbslegur karlmaður	x (dýr)
klunnalegur	lo	u			Niðrandi orð um manneskju, dregur fram neikvæða eiginleika í útliti.		
klunni	no	u			Niðrandi orð um manneskju, dregur fram neikvæða eiginleika í útliti.		
klunni	no	u	k/kk	klaufalegur, óliðlegur eða ólögulegur maður	Niðrandi orð um manneskju, dregur fram neikvæða eiginleika í útliti.	Vaxtarlag: Stirðbusalegur karlmaður	
kopi	no	u	k/kk	táplítill, vesældarlegur maður	Niðrandi orð um manneskju, dregur fram neikvæða eiginleika í útliti.	Útlit: vesældarlegur karlmaður, væskill	
körbeygja	no	u	k/kk	vesældarlegur maður	Niðrandi orð um manneskju, dregur fram neikvæða eiginleika í útliti.	Útlit: vesældarlegur karlmaður, væskill	
korka	no	u	k/kk	smávaxinn, vesældarlegur maður	Niðrandi orð um manneskju, dregur fram neikvæða eiginleika í útliti.	Vaxtarlag: Lágvaxinn, kubbslegur karlmaður	
kósi	no	u	k/kk	lélegur maður	Niðrandi orð um manneskju, dregur fram neikvæða eiginleika í útliti.	Útlit: vesældarlegur karlmaður, væskill	
kramarmaður	no	u	k/kk	farlama og vesæll maður	Niðrandi orð um manneskju, dregur fram neikvæða eiginleika í útliti.	Útlit: vesældarlegur karlmaður, væskill	
krangalegur	lo	u			Niðrandi orð um manneskju, dregur fram neikvæða eiginleika í útliti.		
krangi	no	u	k/kk	sláni, grannur og gjarnan boginn	Niðrandi orð um manneskju, dregur fram neikvæða eiginleika í útliti.	Vaxtarlag: Hávaxinn grannur karlmaður	
krebeygja	no	u	k/kk	vesæll og burðarlítill maður	Niðrandi orð um manneskju, dregur fram neikvæða eiginleika í útliti.	Útlit: vesældarlegur karlmaður, væskill	
kreða	no	u	k/kk	vesældarlegur maður og kulvís	Niðrandi orð um manneskju, dregur fram neikvæða eiginleika í útliti.	Útlit: vesældarlegur karlmaður, væskill	
kreyma	no	u	k/kk	vesæll, vanheill maður	Niðrandi orð um manneskju, dregur fram neikvæða eiginleika í útliti.	Útlit: vesældarlegur karlmaður, væskill	
krubba	no	u	k/kvk	sóðaleg kona, subba	Niðrandi orð um manneskju, dregur fram neikvæða eiginleika í útliti.	Útlit: Sóðaleg kona	
kúalabbi	no	u	k/kk	sóði, rusti	Niðrandi orð um manneskju, dregur fram neikvæða eiginleika í útliti.	Útlit: Sóðalegur karlmaður	
kúði	no	u	k/kk	lítill og kubbslegur maður eða skepna	Niðrandi orð um manneskju, dregur fram neikvæða eiginleika í útliti.	Vaxtarlag: Lágvaxinn, kubbslegur karlmaður	
kuggi	no	u	k/kk	kubbslegur maður; lítið kubbslegt skip	Niðrandi orð um manneskju, dregur fram neikvæða eiginleika í útliti.	Vaxtarlag: Lágvaxinn, kubbslegur karlmaður	x (lítið kubbslegt skip)
kuggur	no	u	k/kk	kubbslegur maður; lítið kubbslegt skip	Niðrandi orð um manneskju, dregur fram neikvæða eiginleika í útliti.	Vaxtarlag: Lágvaxinn, kubbslegur karlmaður	x (lítið kubbslegt skip)
kúlumagi	no	u	k/kk	ístrubelgur	Niðrandi orð um manneskju, dregur fram neikvæða eiginleika í útliti.	Vaxtarlag: Gildvaxinn karlmaður	
kumba	no	u	k/kvk	kubbsleg kona, feit og lausholda	Niðrandi orð um manneskju, dregur fram neikvæða eiginleika í útliti.	Vaxtarlag: Gildvaxin kona	
kurfur	no	u			Niðrandi orð um manneskju, dregur fram neikvæða eiginleika í útliti.		
kurfur	no	u	k/kk	durgslega klæddur maður	Niðrandi orð um manneskju, dregur fram neikvæða eiginleika í útliti.	Útlit: Illa klæddur karlmaður, illa útlítandi karl	
kúsi	no	u	k/kk	ólögulega klæddur maður	Niðrandi orð um manneskju, dregur fram neikvæða eiginleika í útliti.	Útlit: Illa klæddur karlmaður, illa útlítandi karl	
kútlingur	no	u	k/kk	smávaxinn maður	Niðrandi orð um manneskju, dregur fram neikvæða eiginleika í útliti.	Vaxtarlag: Lágvaxinn, kubbslegur karlmaður	
kvett	no	u	k/kvk	digur kvenmaður	Niðrandi orð um manneskju, dregur fram neikvæða eiginleika í útliti.	Vaxtarlag: Gildvaxin kona	
kvetti	no	u	k/kvk	digur kvenmaður	Niðrandi orð um manneskju, dregur fram neikvæða eiginleika í útliti.	Vaxtarlag: Gildvaxin kona	
langilja	no	u	k/kvk	há og grönn kona	Niðrandi orð um manneskju, dregur fram neikvæða eiginleika í útliti.	Vaxtarlag: Mögur kona	x (löng og þunnvaxin skepna)
langinets	no	u	k/kk	langur maður, sláni	Niðrandi orð um manneskju, dregur fram neikvæða eiginleika í útliti.	Vaxtarlag: Hávaxinn grannur karlmaður	
larfalúði	no	u	k/kk	maður tötralega til fara	Niðrandi orð um manneskju, dregur fram neikvæða eiginleika í útliti.	Útlit: Illa klæddur karlmaður, illa útlítandi karl	
lassi	no	u	k/kk	þungfær maður, hjassi	Niðrandi orð um manneskju, dregur fram neikvæða eiginleika í útliti.	Vaxtarlag: Stirðbusalegur karlmaður	
leyma	no	u	k/kk	væskill aumingi	Niðrandi orð um manneskju, dregur fram neikvæða eiginleika í útliti.	Útlit: vesældarlegur karlmaður, væskill	
lirfa	no	u	k/kk	drululegur maður	Niðrandi orð um manneskju, dregur fram neikvæða eiginleika í útliti.	Útlit: Illa klæddur karlmaður, illa útlítandi karl	x (dýr)
löðurmenni	no	u	k/kk	kraftlítill maður, vesalmenni, ræfill	Niðrandi orð um manneskju, dregur fram neikvæða eiginleika í útliti.	Útlit: vesældarlegur karlmaður, væskill	
lonta	no	u			Niðrandi orð um manneskju, dregur fram neikvæða eiginleika í útliti.		
lótutja	no	u	k/kvk	grennluleg stúlka	Niðrandi orð um manneskju, dregur fram neikvæða eiginleika í útliti.	Vaxtarlag: Mögur kona	x (lítill veikbyggður hestur)
lufsa	no	u			Niðrandi orð um manneskju, dregur fram neikvæða eiginleika í útliti.		x (flík)
Lufsulegur	lo	u			Niðrandi orð um manneskju, dregur fram neikvæða eiginleika í útliti.		
luri	no	u	k/kk	luralegur maður	Niðrandi orð um manneskju, dregur fram neikvæða eiginleika í útliti.	Útlit: Illa klæddur karlmaður, illa útlítandi karl	
lurkur	no	u	k/kk	stirðbusalegur maður eða dúr	Niðrandi orð um manneskju, dregur fram neikvæða eiginleika í útliti.	Vaxtarlag: Stirðbusalegur karlmaður	
lussi	no	u	k/kk	þyngslalegur maður	Niðrandi orð um manneskju, dregur fram neikvæða eiginleika í útliti.	Vaxtarlag: Stirðbusalegur karlmaður	
matseljumergur	no	u	k/kvk	þéttholda húsfreyja	Niðrandi orð um manneskju, dregur fram neikvæða eiginleika í útliti.	Vaxtarlag: Gildvaxin kona	
ména	no	u	k/kvk	mjóslegin kona	Niðrandi orð um manneskju, dregur fram neikvæða eiginleika í útliti.	Vaxtarlag: Mögur kona	
méni	no	u	k/kk	grannvaxinn karlmaður	Niðrandi orð um manneskju, dregur fram neikvæða eiginleika í útliti.	Vaxtarlag: Magur karlmaður	
mína	no	u	k/kvk	mjó og rengluleg stelpa eða kona	Niðrandi orð um manneskju, dregur fram neikvæða eiginleika í útliti.	Vaxtarlag: Mögur kona	
mjógosi	no	u	k/kk	lítill og horaður maður	Niðrandi orð um manneskju, dregur fram neikvæða eiginleika í útliti.	Vaxtarlag: Magur karlmaður	
mjóna	no	u	k/kvk	grannvaxin stúlka	Niðrandi orð um manneskju, dregur fram neikvæða eiginleika í útliti.	Vaxtarlag: Mögur kona	
molduxi	no	u	k/kk	stuttur, þrekinn maður	Niðrandi orð um manneskju, dregur fram neikvæða eiginleika í útliti.	Vaxtarlag: Lágvaxinn, kubbslegur karlmaður	
nubbur	no	u	k/kk	stubbur, lágur og gildvaxinn maður	Niðrandi orð um manneskju, dregur fram neikvæða eiginleika í útliti.	Vaxtarlag: Lágvaxinn, kubbslegur karlmaður	
nurtur	no	u	k/kk	smávaxinn maður	Niðrandi orð um manneskju, dregur fram neikvæða eiginleika í útliti.	Vaxtarlag: Lágvaxinn, kubbslegur karlmaður	
ódámur	no	u	k/kk	sóði, jarðvöðull	Niðrandi orð um manneskju, dregur fram neikvæða eiginleika í útliti.	Útlit: Sóðalegur karlmaður	
ódeili	no	u	k/kk	sóðalegur maður, jarðvöðull	Niðrandi orð um manneskju, dregur fram neikvæða eiginleika í útliti.	Útlit: Sóðalegur karlmaður	
ófreskja	no	u			Niðrandi orð um manneskju, dregur fram neikvæða eiginleika í útliti.		
ógerð	no	u	k/kk	afturkreistingur, vesalingur	Niðrandi orð um manneskju, dregur fram neikvæða eiginleika í útliti.	Útlit: vesældarlegur karlmaður, væskill	
óræsti	no	u	k/kk	sóði	Niðrandi orð um manneskju, dregur fram neikvæða eiginleika í útliti.	Útlit: Sóðalegur karlmaður	
örkvisi	no	u	k/kk	aukvisi, veiklulegur maður, væskill	Niðrandi orð um manneskju, dregur fram neikvæða eiginleika í útliti.	Útlit: vesældarlegur karlmaður, væskill	
örlaki	no	u	k/kk	vesæll maður og kraftlítill; vanmetaskepna	Niðrandi orð um manneskju, dregur fram neikvæða eiginleika í útliti.	Útlit: vesældarlegur karlmaður, væskill	
örmeti	no	u	k/kk	afturkreistingur, væskill, örkvisi	Niðrandi orð um manneskju, dregur fram neikvæða eiginleika í útliti.	Útlit: vesældarlegur karlmaður, væskill	
pæna	no	u	k/kvk	grönn kona; þunn fjöl	Niðrandi orð um manneskju, dregur fram neikvæða eiginleika í útliti.	Vaxtarlag: Mögur kona	x (þunn fjöl)
píslargrátur	no	u	k/kk	lítill, magur og mæðulegur maður	Niðrandi orð um manneskju, dregur fram neikvæða eiginleika í útliti.	Vaxtarlag: Lágvaxinn, kubbslegur karlmaður	
píslarormur	no	u	k/kk	ræfilslegur maður	Niðrandi orð um manneskju, dregur fram neikvæða eiginleika í útliti.	Útlit: vesældarlegur karlmaður, væskill	
pútlingur	no	u	k/kk	smávaxinn maður; lítill, þófinn vettlingur	Niðrandi orð um manneskju, dregur fram neikvæða eiginleika í útliti.	Vaxtarlag: Lágvaxinn, kubbslegur karlmaður	x (lítill, þófinn vettlingur)
raumur	no	u	k/kk	rumur, stór maður	Niðrandi orð um manneskju, dregur fram neikvæða eiginleika í útliti.	Vaxtarlag: Stórvaxinn karlmaður	
rekugaddur	no	u	k/kk	gildvaxinn, feitur maður	Niðrandi orð um manneskju, dregur fram neikvæða eiginleika í útliti.	Vaxtarlag: Gildvaxinn karlmaður	
Renglulegur	lo	u			Niðrandi orð um manneskju, dregur fram neikvæða eiginleika í útliti.		
renigantur	no	u	k/kk	stór, óþjáll og klunnalegur maður	Niðrandi orð um manneskju, dregur fram neikvæða eiginleika í útliti.	Vaxtarlag: Stórvaxinn karlmaður	
riflingur	no	u	k/kk	tötralegur maður	Niðrandi orð um manneskju, dregur fram neikvæða eiginleika í útliti.	Útlit: Illa klæddur karlmaður, illa útlítandi karl	
ríkisbubbi	no	u			Niðrandi orð um manneskju, dregur fram neikvæða eiginleika í útliti.		
rindill	no	u	k/kk	væskill, mjóvaxinn maður	Niðrandi orð um manneskju, dregur fram neikvæða eiginleika í útliti.	Vaxtarlag: Magur karlmaður	
robbi	no	u	k/kk	stórskorinn og grobbinn maður	Niðrandi orð um manneskju, dregur fram neikvæða eiginleika í útliti.	Vaxtarlag: Stórvaxinn karlmaður	
rubbungur	no	u	k/kk	stór, luralegur maður eða skepna	Niðrandi orð um manneskju, dregur fram neikvæða eiginleika í útliti.	Vaxtarlag: Stórvaxinn karlmaður	
rubbur	no	u	k/kk	stór, luralegur maður eða skepna	Niðrandi orð um manneskju, dregur fram neikvæða eiginleika í útliti.	Vaxtarlag: Stórvaxinn karlmaður	
ruddungur	no	u	k/kk	þrekvaxinn maður; stór hrútur	Niðrandi orð um manneskju, dregur fram neikvæða eiginleika í útliti.	Vaxtarlag: Stórvaxinn karlmaður	
rumur	no	u	k/kk	maður mikill vexti, stór og stirðbusalegur maður, raumur, rumur	Niðrandi orð um manneskju, dregur fram neikvæða eiginleika í útliti.	Vaxtarlag: Stórvaxinn karlmaður	
rumur	no	u	k/kk	stór maður, beljaki, raumur	Niðrandi orð um manneskju, dregur fram neikvæða eiginleika í útliti.	Vaxtarlag: Stórvaxinn karlmaður	
serberus	no	u	k/kk	sóði, jarðvöðull	Niðrandi orð um manneskju, dregur fram neikvæða eiginleika í útliti.	Útlit: Sóðalegur karlmaður	
skitsi	no	u	k/kvk	hrikalegur kvenmaður	Niðrandi orð um manneskju, dregur fram neikvæða eiginleika í útliti.	Vaxtarlag: Stórvaxin kona	
skrímsli	no	u			Niðrandi orð um manneskju, dregur fram neikvæða eiginleika í útliti.		
skrjóða	no	u	k/kvk	ræfilsleg drusluleg kona	Niðrandi orð um manneskju, dregur fram neikvæða eiginleika í útliti.	Útlit: Illa útlítandi kona	
sladdi	no	u	k/kk	sóðafenginn maður, blautur og óhreinn	Niðrandi orð um manneskju, dregur fram neikvæða eiginleika í útliti.	Útlit: Sóðalegur karlmaður	
slæki	no	u	k/kvk	stórvaxinn kvenmaður	Niðrandi orð um manneskju, dregur fram neikvæða eiginleika í útliti.	Vaxtarlag: Stórvaxin kona	
slambakur	no	u	k/kk	slöttólfslegur maður	Niðrandi orð um manneskju, dregur fram neikvæða eiginleika í útliti.	Vaxtarlag: Stórvaxinn karlmaður	
slambert	no	u	k/kk	sóði	Niðrandi orð um manneskju, dregur fram neikvæða eiginleika í útliti.	Útlit: Sóðalegur karlmaður	
slánalegur	lo	u			Niðrandi orð um manneskju, dregur fram neikvæða eiginleika í útliti.		
Sláni	no	u			Niðrandi orð um manneskju, dregur fram neikvæða eiginleika í útliti.		
sláni	no	u	k/kk	langur og mjór maður	Niðrandi orð um manneskju, dregur fram neikvæða eiginleika í útliti.		
sleggja	no	u	k/kvk	hávaxin stelpa	Niðrandi orð um manneskju, dregur fram neikvæða eiginleika í útliti.	Vaxtarlag: Hávaxin, grönn kona	x (verkfæri)
slengja	no	u	k/kvk	grönn, hávaxin kona	Niðrandi orð um manneskju, dregur fram neikvæða eiginleika í útliti.	Vaxtarlag: Hávaxin, grönn kona	x (so. Að slengja)
slengjalengja	no	u	k/kvk	grönn, hávaxin kona	Niðrandi orð um manneskju, dregur fram neikvæða eiginleika í útliti.	Vaxtarlag: Hávaxin, grönn kona	
slöttólfur	no	u	k/kk	stórvaxinn (þunglamalegur ) strákur	Niðrandi orð um manneskju, dregur fram neikvæða eiginleika í útliti.	Vaxtarlag: Stórvaxinn karlmaður	
slöttur	no	u	k/kk	slöttólfur, klunnalegur sláni	Niðrandi orð um manneskju, dregur fram neikvæða eiginleika í útliti.	Vaxtarlag: Stórvaxinn karlmaður	
sóðalöpp	no	u	k/kvk	sóðaleg kona	Niðrandi orð um manneskju, dregur fram neikvæða eiginleika í útliti.	Útlit: Sóðaleg kona	
Spikfeitur	no	u			Niðrandi orð um manneskju, dregur fram neikvæða eiginleika í útliti.		
spóanefur	no	u	k/kk	maður magur í andliti	Niðrandi orð um manneskju, dregur fram neikvæða eiginleika í útliti.	Vaxtarlag: Magur karlmaður	
spóaríkur	no	u	k/kk	maður eða dýr með grönn, holdlítil læri	Niðrandi orð um manneskju, dregur fram neikvæða eiginleika í útliti.	Vaxtarlag: Magur karlmaður	
stirðbusi	no	u			Niðrandi orð um manneskju, dregur fram neikvæða eiginleika í útliti.		
stirðbusi	no	u	k/kk	stirður maður, klaufi, klunni	Niðrandi orð um manneskju, dregur fram neikvæða eiginleika í útliti.	Vaxtarlag: Stirðbusalegur karlmaður	
straull	no	u	k/kk	grófgerður, stirðlegur maður	Niðrandi orð um manneskju, dregur fram neikvæða eiginleika í útliti.	Vaxtarlag: Stirðbusalegur karlmaður	
stritta	no	u	k/kvk	ritjuleg og sóðaleg kona	Niðrandi orð um manneskju, dregur fram neikvæða eiginleika í útliti.	Útlit: Sóðaleg kona	
ströngull	no	u	k/kk	langur sláni	Niðrandi orð um manneskju, dregur fram neikvæða eiginleika í útliti.	Vaxtarlag: Hávaxinn grannur karlmaður	x( aðalleggur plöntu)
strympa	no	u	k/kvk	skass	Niðrandi orð um manneskju, dregur fram neikvæða eiginleika í útliti.	Vaxtarlag: Stórvaxin kona	
strytta	no	u	k/kvk	hávaxinn og magur kvenmaður	Niðrandi orð um manneskju, dregur fram neikvæða eiginleika í útliti.	Vaxtarlag: Mögur kona	
strytta	no	u	k/kvk	ritjuleg og sóðaleg kona	Niðrandi orð um manneskju, dregur fram neikvæða eiginleika í útliti.	Útlit: Sóðaleg kona	
stryttulegur	lo	u			Niðrandi orð um manneskju, dregur fram neikvæða eiginleika í útliti.		
stykki	no	u	k/kvk	stór, þunglamaleg kona	Niðrandi orð um manneskju, dregur fram neikvæða eiginleika í útliti.	Vaxtarlag: Stórvaxin kona	x
subba	no	u	k/kvk	sóðakvendi	Niðrandi orð um manneskju, dregur fram neikvæða eiginleika í útliti.	útlit: sóðaleg kona	
surtla	no	u	k/kvk	stórvaxin og sóðaleg kona	Niðrandi orð um manneskju, dregur fram neikvæða eiginleika í útliti.	Vaxtarlag: Stórvaxin kona	
surtla	no	u	k/kvk	stórvaxin og sóðaleg kona	Niðrandi orð um manneskju, dregur fram neikvæða eiginleika í útliti.	útlit: sóðaleg kona	
syrpa	no	u	k/kvk	subba sóðakvendi; tröllskessa	Niðrandi orð um manneskju, dregur fram neikvæða eiginleika í útliti.	útlit: sóðaleg kona	x (röð)
taðjarpur	no	u	k/kk	gildvaxinn, feitur maður	Niðrandi orð um manneskju, dregur fram neikvæða eiginleika í útliti.	Vaxtarlag: Gildvaxinn karlmaður	
taðláki	no	u	k/kk	væskill, ónytjungur til vinnu	Niðrandi orð um manneskju, dregur fram neikvæða eiginleika í útliti.	Útlit: vesældarlegur karlmaður, væskill	
taðrambur	no	u	k/kk	stuttur og kurfslegur	Niðrandi orð um manneskju, dregur fram neikvæða eiginleika í útliti.	Vaxtarlag: Lágvaxinn, kubbslegur karlmaður	x (stuttur og kurfslegur)
tísill	no	u	k/kk	smávaxinn maður; lítið og óburðugt dýr	Niðrandi orð um manneskju, dregur fram neikvæða eiginleika í útliti.	Vaxtarlag: Lágvaxinn, kubbslegur karlmaður	x (lítið og óburðugt dýr)
tittur	no	u			Niðrandi orð um manneskju, dregur fram neikvæða eiginleika í útliti.		x (pinni)
tókur	no	u	k/kk	hávaxinn maður, rumur	Niðrandi orð um manneskju, dregur fram neikvæða eiginleika í útliti.	Vaxtarlag: Stórvaxinn karlmaður	
tötrabassi	no	u	k/kk	tötrum klæddur (gildvaxinn) maður	Niðrandi orð um manneskju, dregur fram neikvæða eiginleika í útliti.	Útlit: Illa klæddur karlmaður, illa útlítandi karl	
tuðull	no	u	k/kk	smávaxinn maður, kurfur	Niðrandi orð um manneskju, dregur fram neikvæða eiginleika í útliti.	Vaxtarlag: Lágvaxinn, kubbslegur karlmaður	x (smávaxinn maður, kurfur)
Tussulegur	lo	u			Niðrandi orð um manneskju, dregur fram neikvæða eiginleika í útliti.		
tyrðiltappi	no	u	k/kk	smávaxinn maður, rindill, væskill	Niðrandi orð um manneskju, dregur fram neikvæða eiginleika í útliti.	Vaxtarlag: Lágvaxinn, kubbslegur karlmaður	
útskryppi	no	u	k/kk	maður sem er illa til fara	Niðrandi orð um manneskju, dregur fram neikvæða eiginleika í útliti.	Útlit: Illa klæddur karlmaður, illa útlítandi karl	
væfla	no	u	k/kvk	druslulegur kvenmaður	Niðrandi orð um manneskju, dregur fram neikvæða eiginleika í útliti.	Útlit: Illa útlítandi kona	
væskill	no	u	k/kk	pervisalegur, kraftsmár maður, aukvisi	Niðrandi orð um manneskju, dregur fram neikvæða eiginleika í útliti.	Útlit: vesældarlegur karlmaður, væskill	
vámur	no	u	k/kk	raumur, ógeðfelld persóna	Niðrandi orð um manneskju, dregur fram neikvæða eiginleika í útliti.	Vaxtarlag: Stórvaxinn karlmaður	
vargatætla	no	u	k/kvk	drusluleg kona	Niðrandi orð um manneskju, dregur fram neikvæða eiginleika í útliti.	Útlit: Illa útlítandi kona	
vebeygja	no	u	k/kvk	grönn og vesaldarleg kona; vanþrifaskepna	Niðrandi orð um manneskju, dregur fram neikvæða eiginleika í útliti.	Vaxtarlag: Mögur kona	
vembill	no	u	k/kk	stuttur og kubbslegur maður	Niðrandi orð um manneskju, dregur fram neikvæða eiginleika í útliti.	Vaxtarlag: Lágvaxinn, kubbslegur karlmaður	
vesalingur	no	u	k/kk	örvasa maður	Niðrandi orð um manneskju, dregur fram neikvæða eiginleika í útliti.	Útlit: vesældarlegur karlmaður, væskill	
vöðull	no	u	k/kk	jarðvöðull, ötull en sóðafenginn maður	Niðrandi orð um manneskju, dregur fram neikvæða eiginleika í útliti.	Útlit: Sóðalegur karlmaður	
völsungur	no	u	k/kk	stór, fyrirferðarmikill strákur	Niðrandi orð um manneskju, dregur fram neikvæða eiginleika í útliti.	Vaxtarlag: Stórvaxinn karlmaður	
votút	no	u	k/kk	vesaldarlegur maður, þroskalítill; seinþroska og korguleg skepna	Niðrandi orð um manneskju, dregur fram neikvæða eiginleika í útliti.	Útlit: vesældarlegur karlmaður, væskill	
þjasi	no	u	k/kk	ístrubelgur	Niðrandi orð um manneskju, dregur fram neikvæða eiginleika í útliti.	Vaxtarlag: Gildvaxinn karlmaður	
þjósa	no	u	k/kvk	feit kona	Niðrandi orð um manneskju, dregur fram neikvæða eiginleika í útliti.	Vaxtarlag: Gildvaxin kona	
Þvengmjór	lo	u			Niðrandi orð um manneskju, dregur fram neikvæða eiginleika í útliti.		
